invoice_id,invoice_date,seller_gstin,buyer_gstin,amount,tax_rate,itc_amount,seller_age_days
INV000001,2025-12-01,27AABC003061Z6,27AABC000551Z5,11277.91,28,3167.74,2962
INV000002,2025-06-16,27AABC002161Z6,27AABC000221Z2,7442.47,18,1374.46,3287
INV000003,2025-10-19,27AABC000181Z8,27AABC002211Z1,1512.57,28,416.0,2701
INV000004,2025-05-05,27AABC004401Z0,27AABC003501Z0,3269.44,12,391.7,2924
INV000005,2026-02-04,27AABC003331Z3,27AABC004631Z3,14155.55,5,692.24,1589
INV000006,2025-10-03,27AABC000701Z0,27AABC003441Z4,1000.0,18,0.0,2594
INV000007,2025-08-10,27AABC001561Z6,27AABC002971Z7,991.19,12,118.06,1886
INV000008,2025-07-26,27AABC003201Z0,27AABC004081Z8,5833.92,18,1019.42,3517
INV000009,2025-09-02,27AABC001141Z4,27AABC003031Z3,677.67,18,122.21,3538
INV000010,2026-02-18,27AABC001351Z5,27AABC004671Z7,4509.55,12,541.57,3563
INV000011,2025-12-30,27AABC002401Z0,27AABC005951Z5,6001.41,18,1076.69,2387
INV000012,2025-04-04,27AABC004531Z3,27AABC003351Z5,2142.62,18,374.87,3458
INV000013,2025-10-12,27AABC001201Z0,27AABC002081Z8,5730.74,18,1052.77,857
INV000014,2025-09-13,27AABC000911Z1,27AABC000931Z3,212.32,18,39.33,698
INV000015,2026-01-22,27AABC005991Z9,27AABC003421Z2,20071.89,12,2396.73,3701
INV000016,2026-01-22,27AABC002381Z8,27AABC000761Z6,65667.47,18,11586.56,748
INV000017,2025-06-05,27AABC000821Z2,27AABC005371Z7,53281.53,5,2740.79,1580
INV000018,2025-10-01,27AABC001901Z0,27AABC005321Z2,5719.23,12,699.71,3627
INV000019,2025-11-25,27AABC002061Z6,27AABC001491Z9,12844.11,18,2286.09,3144
INV000020,2026-01-30,27AABC001561Z6,27AABC005361Z6,5986.93,12,727.97,1886
INV000021,2026-01-08,27AABC003881Z8,27AABC002231Z3,1924.4,28,530.39,3216
INV000022,2025-06-23,27AABC003381Z8,27AABC001341Z4,2000.0,12,236.24,1001
INV000023,2025-10-31,27AABC000681Z8,27AABC003581Z8,16605.32,18,3009.47,902
INV000024,2025-09-10,27AABC003981Z8,27AABC005151Z5,19931.71,28,5708.83,3253
INV000025,2025-07-01,29SHELL000151Z5,27AABC000041Z4,779659.63,12,112366.97,98
INV000026,2025-10-17,27AABC003971Z7,27AABC001691Z9,286262.97,28,80929.48,576
INV000027,2025-12-26,27AABC001871Z7,27AABC003631Z3,5710.93,18,1051.91,1704
INV000028,2025-09-28,27AABC000561Z6,27AABC002651Z5,3148.0,12,387.4,855
INV000029,2025-04-27,27AABC005911Z1,27AABC000981Z8,20624.76,18,3701.61,3164
INV000030,2025-09-11,27AABC004971Z7,27AABC001531Z3,25000.0,28,6970.71,603
INV000031,2025-04-17,27AABC003551Z5,27AABC002231Z3,2166.42,12,263.42,663
INV000032,2025-09-14,27AABC005201Z0,27AABC000961Z6,15364.71,12,1887.25,1922
INV000033,2025-09-12,27AABC000011Z1,27AABC005901Z0,10000.0,18,1848.04,2748
INV000034,2025-12-09,27AABC003081Z8,27AABC000361Z6,8497.97,12,1001.65,3250
INV000035,2025-08-10,27AABC004231Z3,27AABC000861Z6,2981.59,18,536.93,423
INV000036,2025-06-13,27AABC001661Z6,27AABC002801Z0,23518.66,18,4123.87,1238
INV000037,2025-09-16,27AABC005681Z8,27AABC001931Z3,1766.48,18,317.5,726
INV000038,2025-09-03,27AABC005471Z7,27AABC000401Z0,11081.03,5,563.42,3747
INV000039,2025-09-25,27AABC004401Z0,27AABC001681Z8,10860.46,18,1909.97,2924
INV000040,2025-08-16,27AABC005751Z5,27AABC003071Z7,17190.28,5,880.84,1279
INV000041,2025-07-18,27AABC005921Z2,27AABC004741Z4,3079.74,5,0.0,1973
INV000042,2026-03-06,29SHELL000121Z2,29SHELL000131Z3,325603.13,18,58608.56,113
INV000043,2026-03-13,27AABC000031Z3,27AABC005781Z8,3502.58,12,414.18,557
INV000044,2025-07-10,27AABC001051Z5,27AABC003091Z9,19099.04,18,3479.79,2603
INV000045,2025-09-19,27AABC005451Z5,27AABC005641Z4,19039.58,18,3427.56,2953
INV000046,2025-12-30,27AABC003921Z2,27AABC002561Z6,31917.75,12,3783.86,930
INV000047,2025-11-10,27AABC002911Z1,27AABC002541Z4,3228.9,5,157.87,2596
INV000048,2025-07-16,27AABC005141Z4,27AABC001051Z5,638.43,12,74.65,1225
INV000049,2025-11-05,27AABC002801Z0,27AABC003571Z7,1902.96,18,349.7,760
INV000050,2025-07-24,29SHELL000221Z2,29SHELL000231Z3,464627.9,18,83633.02,159
INV000051,2025-11-27,27AABC001031Z3,27AABC003291Z9,25000.0,12,2996.2,1928
INV000052,2026-01-04,27AABC005861Z6,27AABC000691Z9,2339.61,28,673.39,3534
INV000053,2025-09-08,27AABC001821Z2,27AABC005981Z8,51697.51,12,6311.1,3419
INV000054,2026-02-11,27AABC002741Z4,27AABC003651Z5,10082.7,12,1184.33,536
INV000055,2026-01-21,27AABC001361Z6,27AABC005971Z7,272414.55,5,13516.54,3634
INV000056,2025-06-15,27AABC003931Z3,27AABC005341Z4,2299.29,12,274.52,2296
INV000057,2025-04-10,27AABC003841Z4,27AABC003081Z8,138154.27,12,16589.8,1784
INV000058,2026-03-23,27AABC000511Z1,27AABC000071Z7,4436.3,18,802.95,521
INV000059,2025-07-13,27AABC000301Z0,27AABC005041Z4,30260.53,12,3683.19,2044
INV000060,2025-09-07,27AABC001641Z4,27AABC004511Z1,15800.31,18,2815.62,3572
INV000061,2026-02-06,27AABC003551Z5,27AABC003661Z6,198361.52,5,10133.9,663
INV000062,2025-04-12,29SHELL000141Z4,29SHELL000101Z0,297639.83,28,83339.15,47
INV000063,2025-06-26,27AABC004451Z5,27AABC000101Z0,4365.69,28,1195.21,2140
INV000064,2026-01-12,27AABC001581Z8,27AABC002231Z3,1795.88,28,0.0,996
INV000065,2025-05-19,27AABC001501Z0,27AABC005441Z4,8479.77,18,1525.14,2052
INV000066,2025-07-18,27AABC002791Z9,27AABC001271Z7,32985.31,12,3930.44,973
INV000067,2025-12-24,27AABC005441Z4,27AABC000721Z2,777.18,12,0.0,2871
INV000068,2026-02-17,27AABC003061Z6,27AABC002211Z1,2442.76,12,287.51,2962
INV000069,2025-07-05,27AABC002981Z8,27AABC005341Z4,20929.7,12,2440.62,3851
INV000070,2025-06-22,27AABC005981Z8,27AABC001931Z3,11468.36,28,3200.71,2842
INV000071,2025-11-19,27AABC000801Z0,27AABC003571Z7,1955.31,18,352.04,1361
INV000072,2026-02-18,27AABC004261Z6,27AABC001971Z7,13409.69,5,667.51,2987
INV000073,2025-12-27,27AABC000601Z0,27AABC004171Z7,3487.74,28,984.65,3441
INV000074,2025-11-26,27AABC005041Z4,27AABC000091Z9,5242.53,18,933.91,1590
INV000075,2025-07-04,27AABC002021Z2,27AABC002551Z5,4430.1,5,223.06,1700
INV000076,2025-08-14,27AABC001971Z7,27AABC002331Z3,2917.33,18,519.1,3017
INV000077,2025-06-21,27AABC005491Z9,27AABC005131Z3,358.59,18,64.36,1786
INV000078,2025-04-15,29SHELL000241Z4,29SHELL000201Z0,193547.38,12,23225.69,148
INV000079,2025-08-11,27AABC001181Z8,27AABC002451Z5,6804.28,18,1232.91,2766
INV000080,2025-07-05,27AABC005841Z4,27AABC005911Z1,20880.57,12,2522.06,2243
INV000081,2025-08-24,29SHELL000051Z5,27AABC000011Z1,697665.46,28,238855.97,167
INV000082,2025-08-21,27AABC000571Z7,27AABC002081Z8,14780.42,18,2621.23,854
INV000083,2025-07-31,27AABC002741Z4,27AABC002891Z9,1383.76,18,243.55,536
INV000084,2025-04-13,27AABC005061Z6,27AABC001541Z4,9586.4,12,0.0,1819
INV000085,2025-07-26,29SHELL000031Z3,29SHELL000041Z4,706825.3,28,197911.08,57
INV000086,2026-01-13,27AABC003731Z3,27AABC004981Z8,3913.31,18,718.48,817
INV000087,2025-08-29,27AABC003501Z0,27AABC005621Z2,3527.7,18,634.63,1533
INV000088,2026-02-22,27AABC000541Z4,27AABC004711Z1,277.47,28,77.99,3509
INV000089,2026-01-04,27AABC001951Z5,27AABC000371Z7,15344.25,18,0.0,1420
INV000090,2025-07-25,27AABC003361Z6,27AABC000631Z3,1776.9,18,310.7,2948
INV000091,2025-09-01,27AABC001941Z4,27AABC000631Z3,19134.09,18,3454.69,2399
INV000092,2026-02-05,27AABC004721Z2,27AABC002661Z6,8938.88,28,2470.28,1648
INV000093,2025-08-28,27AABC005491Z9,27AABC000331Z3,6243.36,18,1136.2,1786
INV000094,2025-10-21,27AABC000061Z6,27AABC004971Z7,3563.61,18,639.63,1395
INV000095,2025-11-17,27AABC005871Z7,27AABC004501Z0,4766.06,5,237.38,554
INV000096,2025-11-25,27AABC005801Z0,27AABC005041Z4,7485.39,18,1383.1,515
INV000097,2026-03-29,27AABC002731Z3,27AABC001841Z4,8152.84,18,1492.21,435
INV000098,2026-02-10,27AABC001591Z9,27AABC004941Z4,7867.12,5,397.91,1846
INV000099,2025-05-22,27AABC001801Z0,27AABC005841Z4,1724.91,5,88.6,1443
INV000100,2025-08-18,27AABC004841Z4,27AABC004321Z2,11290.98,18,2018.44,3819
INV000101,2025-06-05,27AABC004681Z8,27AABC004581Z8,4679.94,12,573.7,1346
INV000102,2025-06-05,27AABC003911Z1,27AABC002591Z9,3003.6,5,151.81,3922
INV000103,2025-05-11,27AABC002631Z3,27AABC000451Z5,5285.76,18,0.0,2746
INV000104,2026-01-26,27AABC001671Z7,27AABC002151Z5,6796.29,18,1241.79,2709
INV000105,2026-02-19,27AABC002071Z7,27AABC000361Z6,43306.87,12,5228.93,1355
INV000106,2025-12-26,27AABC005361Z6,27AABC001581Z8,29507.67,18,5221.96,884
INV000107,2025-09-07,27AABC003751Z5,27AABC005011Z1,37344.44,18,0.0,931
INV000108,2025-12-19,27AABC000311Z1,27AABC001891Z9,11886.83,5,608.46,414
INV000109,2025-08-25,27AABC002101Z0,27AABC001181Z8,9823.03,28,2750.45,1723
INV000110,2025-06-02,27AABC002111Z1,27AABC004151Z5,6417.6,28,1840.11,1126
INV000111,2025-04-12,27AABC004261Z6,27AABC000911Z1,24805.01,18,4470.43,2987
INV000112,2025-09-14,27AABC005021Z2,27AABC000661Z6,11223.2,12,1364.38,649
INV000113,2025-09-30,27AABC002731Z3,27AABC002801Z0,10000.0,18,1768.91,435
INV000114,2025-12-19,27AABC004881Z8,27AABC000911Z1,4737.35,18,858.54,3395
INV000115,2025-10-20,27AABC005961Z6,27AABC002791Z9,3454.52,18,630.44,1413
INV000116,2025-11-07,27AABC001661Z6,27AABC005601Z0,3958.06,18,698.79,1238
INV000117,2025-08-03,27AABC003731Z3,27AABC005611Z1,38374.47,28,10446.12,817
INV000118,2026-02-08,27AABC005791Z9,27AABC005541Z4,1000.0,18,176.32,3587
INV000119,2026-01-27,27AABC000841Z4,27AABC005011Z1,5748.54,18,1006.0,2908
INV000120,2026-03-16,27AABC005931Z3,27AABC002101Z0,5306.47,5,272.5,1629
INV000121,2025-06-29,27AABC003811Z1,27AABC001991Z9,731.48,18,131.25,1588
INV000122,2025-10-01,27AABC001491Z9,27AABC000491Z9,2000.79,18,353.95,2826
INV000123,2025-09-19,27AABC003021Z2,27AABC000031Z3,20343.39,18,0.0,1423
INV000124,2025-11-27,27AABC005741Z4,27AABC005861Z6,3212.24,18,578.44,2595
INV000125,2025-05-12,27AABC004701Z0,27AABC004971Z7,9511.82,12,0.0,1617
INV000126,2025-11-24,27AABC001671Z7,27AABC004471Z7,42785.16,18,7511.23,2709
INV000127,2025-07-04,27AABC002611Z1,27AABC001751Z5,6950.88,18,1238.8,3860
INV000128,2026-01-09,27AABC002111Z1,27AABC000831Z3,45732.91,28,12736.08,1126
INV000129,2025-07-31,27AABC002811Z1,27AABC004241Z4,634.75,18,113.32,2171
INV000130,2025-06-19,27AABC005891Z9,27AABC003851Z5,532.82,12,64.1,2161
INV000131,2025-12-31,27AABC002331Z3,27AABC005951Z5,587.22,18,104.3,3566
INV000132,2025-08-04,27AABC002001Z0,27AABC004861Z6,29150.9,28,8317.59,3818
INV000133,2025-10-24,27AABC002041Z4,27AABC005941Z4,48062.14,18,8651.18,3254
INV000134,2026-03-02,27AABC001961Z6,27AABC004451Z5,7358.59,12,894.06,2669
INV000135,2025-11-23,27AABC002101Z0,27AABC005791Z9,1157.5,12,140.01,1723
INV000136,2026-02-02,27AABC003811Z1,27AABC002161Z6,57169.93,18,10405.81,1588
INV000137,2025-10-13,27AABC001661Z6,27AABC001631Z3,7385.27,12,0.0,1238
INV000138,2025-10-07,27AABC002241Z4,27AABC005671Z7,14071.72,18,2527.23,2927
INV000139,2025-11-20,27AABC005281Z8,27AABC001051Z5,47826.51,18,8608.77,1986
INV000140,2026-01-30,27AABC000621Z2,27AABC002071Z7,127202.54,12,15485.58,2935
INV000141,2025-10-08,27AABC002381Z8,27AABC005431Z3,40207.91,28,11491.61,748
INV000142,2026-03-20,27AABC004671Z7,27AABC000331Z3,891.13,28,247.61,2335
INV000143,2025-06-15,27AABC001771Z7,27AABC003771Z7,3407.87,12,410.09,2900
INV000144,2026-02-25,27AABC003371Z7,27AABC002111Z1,34213.3,18,6091.4,1125
INV000145,2026-02-15,27AABC004741Z4,27AABC000681Z8,987.76,28,276.57,3618
INV000146,2026-02-09,27AABC001961Z6,27AABC005041Z4,3741.52,5,182.8,2669
INV000147,2026-03-25,27AABC004891Z9,27AABC002721Z2,9303.73,18,4489.78,3330
INV000148,2025-05-22,27AABC002111Z1,27AABC004701Z0,11031.37,28,3023.26,1126
INV000149,2025-12-31,27AABC003181Z8,27AABC005081Z8,14300.42,5,702.07,3253
INV000150,2025-12-07,27AABC002111Z1,27AABC003791Z9,4155.15,12,498.17,1126
INV000151,2025-09-17,27AABC005521Z2,27AABC002421Z2,48937.98,18,8965.11,2822
INV000152,2025-05-27,27AABC005451Z5,27AABC000881Z8,4146.37,18,750.3,2953
INV000153,2025-12-18,27AABC002811Z1,27AABC004531Z3,9134.44,18,1670.74,2171
INV000154,2025-07-19,27AABC000201Z0,27AABC002631Z3,1535.31,18,271.22,929
INV000155,2025-09-14,27AABC005761Z6,27AABC004101Z0,71075.16,12,8663.26,808
INV000156,2026-01-11,27AABC005401Z0,27AABC002331Z3,14079.32,18,2607.0,1454
INV000157,2025-08-25,27AABC002481Z8,27AABC005891Z9,33119.44,18,6042.94,2845
INV000158,2025-07-04,27AABC005541Z4,27AABC005061Z6,9769.19,12,1165.5,3678
INV000159,2025-05-21,27AABC002691Z9,27AABC004261Z6,4826.54,18,860.89,758
INV000160,2025-10-27,27AABC004631Z3,27AABC004381Z8,84640.22,18,15335.3,3677
INV000161,2025-04-24,27AABC005071Z7,27AABC000041Z4,2006.7,18,369.45,2226
INV000162,2026-03-05,27AABC000911Z1,27AABC003571Z7,75932.19,18,13758.37,698
INV000163,2026-03-01,27AABC004951Z5,27AABC003971Z7,30193.13,5,1513.27,1145
INV000164,2025-10-27,27AABC003561Z6,27AABC000481Z8,25113.47,12,2924.15,3338
INV000165,2025-05-18,27AABC002711Z1,27AABC004081Z8,893.44,5,43.71,1495
INV000166,2025-06-22,27AABC001031Z3,27AABC001411Z1,2447.57,12,301.21,1928
INV000167,2026-01-17,27AABC002891Z9,27AABC001861Z6,143.38,18,26.58,3855
INV000168,2025-04-01,27AABC000071Z7,27AABC002781Z8,260486.97,28,70983.39,3421
INV000169,2026-03-06,27AABC003771Z7,27AABC004321Z2,1000.0,12,123.49,910
INV000170,2025-04-16,27AABC001821Z2,27AABC002491Z9,5426.2,12,0.0,3419
INV000171,2025-04-14,27AABC003901Z0,27AABC004371Z7,57884.77,18,10715.62,3451
INV000172,2025-09-28,27AABC002291Z9,27AABC000171Z7,60567.46,12,15404.09,3708
INV000173,2026-01-25,27AABC001451Z5,27AABC000231Z3,4947.59,18,887.2,3710
INV000174,2026-01-04,27AABC001341Z4,27AABC004751Z5,624.94,5,0.0,3282
INV000175,2025-06-30,27AABC001151Z5,27AABC003281Z8,9332.48,12,1090.01,2465
INV000176,2025-08-11,27AABC003421Z2,27AABC000421Z2,1176.39,28,325.75,3702
INV000177,2025-12-26,27AABC004581Z8,27AABC005361Z6,63508.69,12,7670.2,3730
INV000178,2025-05-12,27AABC001461Z6,27AABC002761Z6,16763.46,12,2068.39,673
INV000179,2025-04-16,27AABC005101Z0,27AABC004921Z2,2866.18,5,146.21,1122
INV000180,2026-02-23,27AABC004851Z5,27AABC000681Z8,6646.59,5,327.52,3468
INV000181,2025-04-23,29SHELL000361Z6,27AABC000011Z1,714905.68,18,140066.23,105
INV000182,2026-02-10,27AABC004811Z1,27AABC002301Z0,484396.24,28,135630.95,2325
INV000183,2025-11-29,27AABC002771Z7,27AABC000661Z6,10000.0,28,2717.79,1205
INV000184,2025-04-03,27AABC002391Z9,27AABC001601Z0,19234.81,18,3550.18,3832
INV000185,2025-06-30,27AABC000171Z7,27AABC005541Z4,2000.0,12,246.53,1911
INV000186,2025-06-26,27AABC003231Z3,27AABC001161Z6,483595.11,28,135406.63,3905
INV000187,2026-01-14,27AABC000791Z9,27AABC004991Z9,7674.68,18,1346.19,1904
INV000188,2025-11-12,27AABC001291Z9,27AABC005001Z0,6889.22,18,1231.17,1825
INV000189,2026-03-05,27AABC005421Z2,27AABC001531Z3,1007.55,12,123.42,3776
INV000190,2025-11-26,27AABC002011Z1,27AABC005761Z6,29511.49,18,5196.87,1706
INV000191,2025-08-16,29SHELL000051Z5,27AABC000031Z3,313071.94,12,46606.82,167
INV000192,2025-12-24,27AABC005721Z2,27AABC004581Z8,134569.78,12,15745.86,2706
INV000193,2025-10-03,27AABC003141Z4,27AABC003051Z5,25168.12,18,4603.46,3979
INV000194,2025-04-29,27AABC005771Z7,27AABC003841Z4,28464.43,12,3515.56,2939
INV000195,2025-04-12,27AABC000121Z2,27AABC000681Z8,481.51,18,84.88,3447
INV000196,2025-09-07,27AABC001861Z6,27AABC004121Z2,19940.55,12,2368.03,2697
INV000197,2025-06-18,27AABC005941Z4,27AABC002301Z0,55576.78,18,10085.54,1663
INV000198,2025-04-11,27AABC003151Z5,27AABC002291Z9,71402.81,18,13157.98,2898
INV000199,2025-06-16,27AABC002861Z6,27AABC002321Z2,12668.42,5,635.54,3634
INV000200,2026-03-16,27AABC005131Z3,27AABC000651Z5,9541.11,18,1683.85,1872
INV000201,2026-03-23,27AABC004891Z9,27AABC000061Z6,6992.71,5,350.97,3330
INV000202,2026-03-23,27AABC003031Z3,27AABC003601Z0,2561.33,5,126.37,3295
INV000203,2026-02-28,27AABC002261Z6,27AABC003391Z9,757.85,12,91.57,1229
INV000204,2025-11-16,27AABC005341Z4,27AABC003051Z5,9701.38,28,2724.97,3357
INV000205,2025-05-08,27AABC002961Z6,27AABC004101Z0,30355.77,12,3696.19,1491
INV000206,2025-11-18,27AABC002141Z4,27AABC005391Z9,9279.9,18,1699.35,3881
INV000207,2025-09-29,27AABC000481Z8,27AABC000921Z2,41263.51,18,7298.07,3758
INV000208,2025-05-24,27AABC002141Z4,27AABC003491Z9,11022.59,5,541.78,3881
INV000209,2026-03-02,27AABC001931Z3,27AABC001611Z1,4370.74,18,793.36,2846
INV000210,2025-04-15,27AABC001721Z2,27AABC002531Z3,36489.71,5,1853.46,3262
INV000211,2025-06-18,29SHELL000201Z0,29SHELL000211Z1,547349.77,28,153257.94,21
INV000212,2025-12-01,27AABC005691Z9,27AABC004981Z8,3962.96,18,721.59,1727
INV000213,2025-06-06,27AABC000881Z8,27AABC005481Z8,43229.11,18,7908.79,2811
INV000214,2026-01-23,27AABC002441Z4,27AABC004201Z0,81733.39,18,14321.55,550
INV000215,2025-06-26,27AABC000561Z6,27AABC000401Z0,1882.73,12,225.31,855
INV000216,2025-11-07,27AABC001421Z2,27AABC005941Z4,4874.42,18,896.53,3779
INV000217,2025-07-02,29SHELL000061Z6,29SHELL000071Z7,127908.7,18,23023.57,137
INV000218,2025-07-07,27AABC002451Z5,27AABC004301Z0,69625.98,18,12885.5,2842
INV000219,2025-12-08,27AABC000391Z9,27AABC002471Z7,9314.44,5,0.0,2326
INV000220,2025-12-10,27AABC002331Z3,27AABC000391Z9,1350.27,18,241.33,3566
INV000221,2025-10-17,27AABC002911Z1,27AABC004791Z9,5596.76,18,999.63,2596
INV000222,2026-03-05,27AABC004871Z7,27AABC002621Z2,110792.15,18,20446.08,2152
INV000223,2025-04-11,27AABC000791Z9,27AABC002331Z3,7023.52,18,1241.53,1904
INV000224,2026-03-06,27AABC001671Z7,27AABC003541Z4,6924.54,28,1964.04,2709
INV000225,2025-06-04,29SHELL000161Z6,29SHELL000171Z7,852837.03,28,238794.37,36
INV000226,2025-06-30,27AABC005211Z1,27AABC004091Z9,898.62,12,105.87,2561
INV000227,2025-06-18,27AABC002431Z3,27AABC001141Z4,12502.38,28,3525.21,2031
INV000228,2025-12-05,27AABC000711Z1,27AABC002791Z9,495.75,18,0.0,829
INV000229,2025-04-29,27AABC003401Z0,27AABC001651Z5,16347.26,18,3023.91,720
INV000230,2026-03-30,27AABC002501Z0,27AABC001881Z8,35881.45,18,6465.76,1903
INV000231,2025-06-26,27AABC002081Z8,27AABC005991Z9,31809.16,18,0.0,2450
INV000232,2025-05-09,27AABC000021Z2,27AABC003701Z0,3473.61,18,615.65,1844
INV000233,2025-06-29,27AABC004141Z4,27AABC001541Z4,3338.89,18,611.83,2008
INV000234,2025-10-20,29SHELL000121Z2,27AABC000021Z2,490195.02,18,91533.27,113
INV000235,2025-04-01,27AABC002391Z9,27AABC004541Z4,1111.92,18,199.14,3832
INV000236,2025-05-28,27AABC002861Z6,27AABC004561Z6,24888.84,18,4563.62,3634
INV000237,2025-05-09,27AABC003391Z9,27AABC005311Z1,4195.27,12,508.64,1029
INV000238,2025-12-18,27AABC005141Z4,27AABC002261Z6,10031.69,28,9240.73,1225
INV000239,2026-01-19,27AABC005871Z7,27AABC000721Z2,16138.83,18,2873.46,554
INV000240,2025-11-22,27AABC001091Z9,27AABC005241Z4,24868.6,18,4459.76,414
INV000241,2025-08-23,27AABC000241Z4,27AABC004171Z7,14457.73,18,2669.41,1081
INV000242,2026-01-31,27AABC004391Z9,27AABC003811Z1,111701.74,12,13103.26,2091
INV000243,2025-10-17,27AABC001401Z0,27AABC005271Z7,31118.8,28,8454.58,1015
INV000244,2025-09-16,27AABC002601Z0,27AABC005191Z9,11029.93,18,2019.27,2474
INV000245,2026-03-04,27AABC000141Z4,27AABC002741Z4,9213.51,12,1085.35,1767
INV000246,2025-08-25,27AABC002481Z8,27AABC000231Z3,5024.89,18,904.7,2845
INV000247,2025-05-13,27AABC004911Z1,27AABC005971Z7,1710.75,18,312.72,1653
INV000248,2025-04-16,27AABC001541Z4,27AABC001311Z1,5322.23,12,634.31,3798
INV000249,2025-11-20,27AABC001021Z2,27AABC001891Z9,4070.54,18,724.11,1144
INV000250,2025-09-14,27AABC004221Z2,27AABC001771Z7,23443.77,18,4239.38,940
INV000251,2025-05-10,27AABC001231Z3,27AABC003621Z2,7043.55,18,1304.12,1559
INV000252,2025-12-06,27AABC003121Z2,27AABC003221Z2,11736.37,28,3230.51,1691
INV000253,2025-11-10,27AABC005981Z8,27AABC004511Z1,10476.47,18,1880.5,2842
INV000254,2025-09-19,27AABC003831Z3,27AABC005791Z9,17426.4,12,2033.71,2490
INV000255,2025-12-06,27AABC004861Z6,27AABC003731Z3,3182.32,28,869.1,2270
INV000256,2025-06-29,27AABC000931Z3,27AABC005901Z0,19126.38,5,933.34,2340
INV000257,2026-01-14,27AABC004221Z2,27AABC002741Z4,6367.65,28,1795.32,940
INV000258,2025-05-30,27AABC004031Z3,27AABC002611Z1,2496.86,12,296.99,2177
INV000259,2025-09-13,29SHELL000011Z1,29SHELL000021Z2,492120.28,12,59054.43,32
INV000260,2026-03-17,27AABC004441Z4,27AABC003671Z7,5943.95,18,1066.36,513
INV000261,2026-03-24,27AABC000351Z5,27AABC005971Z7,25000.0,18,0.0,3826
INV000262,2025-05-03,27AABC005841Z4,27AABC000591Z9,10374.93,12,1234.63,2243
INV000263,2025-09-09,27AABC001041Z4,27AABC000541Z4,109111.3,5,5338.84,2705
INV000264,2025-09-14,27AABC003961Z6,27AABC005331Z3,27300.72,28,0.0,3027
INV000265,2026-01-11,27AABC000601Z0,27AABC001281Z8,16396.38,12,3405.03,3441
INV000266,2025-12-04,27AABC002461Z6,27AABC004901Z0,2669.89,28,761.52,1023
INV000267,2026-03-14,27AABC003951Z5,27AABC005701Z0,1000.0,5,0.0,768
INV000268,2025-07-10,27AABC000331Z3,27AABC004211Z1,1447.72,18,256.71,1512
INV000269,2025-04-19,27AABC003081Z8,27AABC000911Z1,26620.55,18,4785.64,3250
INV000270,2025-06-23,29SHELL000201Z0,29SHELL000211Z1,797919.3,18,143625.47,21
INV000271,2025-09-28,27AABC005331Z3,27AABC000851Z5,16343.4,5,805.63,872
INV000272,2026-01-25,27AABC000491Z9,27AABC005291Z9,2399.91,18,444.78,3992
INV000273,2025-08-07,27AABC000191Z9,27AABC001311Z1,34810.74,18,6177.31,2023
INV000274,2025-09-18,27AABC004181Z8,27AABC004421Z2,1689.79,28,470.54,3128
INV000275,2026-01-16,27AABC000951Z5,27AABC003151Z5,1401.75,28,385.95,3462
INV000276,2025-12-02,27AABC000241Z4,27AABC001331Z3,1643.69,18,298.87,1081
INV000277,2026-02-18,27AABC004171Z7,27AABC002511Z1,37995.82,18,6912.21,2536
INV000278,2025-11-07,27AABC004971Z7,27AABC000841Z4,3568.05,18,651.13,603
INV000279,2025-08-13,27AABC003241Z4,27AABC003191Z9,5641.66,28,1625.4,1059
INV000280,2026-01-11,27AABC004881Z8,27AABC000961Z6,34454.37,12,4233.01,3395
INV000281,2025-04-21,27AABC003801Z0,27AABC001981Z8,9059.35,12,1109.0,2253
INV000282,2026-03-09,27AABC004681Z8,27AABC000011Z1,18993.91,18,3325.66,1346
INV000283,2025-10-01,27AABC004231Z3,27AABC004761Z6,1646.12,18,299.05,423
INV000284,2025-08-31,27AABC002241Z4,27AABC005301Z0,4774.96,5,242.95,2927
INV000285,2025-04-17,27AABC000921Z2,27AABC000981Z8,14517.86,5,726.59,1567
INV000286,2025-08-15,27AABC003591Z9,27AABC004171Z7,2850.69,5,0.0,3258
INV000287,2025-08-02,27AABC003341Z4,27AABC004881Z8,990.32,18,180.33,1422
INV000288,2025-11-30,27AABC003091Z9,27AABC002251Z5,19186.56,5,949.72,2727
INV000289,2026-01-20,27AABC005381Z8,27AABC004681Z8,25226.66,5,1263.72,3712
INV000290,2025-08-14,27AABC004411Z1,27AABC004811Z1,290894.17,18,51937.9,924
INV000291,2025-04-05,27AABC000411Z1,27AABC000201Z0,49811.11,18,9089.01,2147
INV000292,2025-07-24,27AABC003421Z2,27AABC000531Z3,6093.33,12,0.0,3702
INV000293,2026-01-24,27AABC000761Z6,27AABC005251Z5,10000.0,18,1814.97,520
INV000294,2025-09-02,27AABC005201Z0,27AABC002861Z6,1000.0,18,176.84,1922
INV000295,2026-03-13,27AABC003221Z2,27AABC001671Z7,20956.49,18,3714.2,1645
INV000296,2025-06-14,27AABC001131Z3,27AABC005531Z3,26835.16,18,4828.38,2038
INV000297,2025-10-03,27AABC004221Z2,27AABC004531Z3,7071.06,18,1248.3,940
INV000298,2025-05-07,27AABC001001Z0,27AABC004081Z8,56932.23,18,10042.71,1028
INV000299,2025-09-19,27AABC002791Z9,27AABC004251Z5,14754.64,28,4213.65,973
INV000300,2026-02-02,27AABC005851Z5,27AABC005761Z6,19334.2,28,5261.42,607
INV000301,2026-02-23,27AABC002741Z4,27AABC000741Z4,709.91,18,129.09,536
INV000302,2025-05-27,27AABC005101Z0,27AABC003941Z4,6013.63,18,1100.59,1122
INV000303,2025-05-13,27AABC004621Z2,27AABC001571Z7,5007.36,28,1376.68,1584
INV000304,2025-09-19,27AABC005301Z0,27AABC000781Z8,40335.36,18,7336.06,3402
INV000305,2025-04-29,27AABC005391Z9,27AABC005951Z5,4357.87,18,781.56,2576
INV000306,2025-06-26,27AABC004781Z8,27AABC000861Z6,2791.56,5,139.94,435
INV000307,2026-03-25,27AABC001611Z1,27AABC004901Z0,9720.92,5,486.28,1838
INV000308,2025-06-29,27AABC002181Z8,27AABC001301Z0,2994.18,5,154.2,3709
INV000309,2025-04-12,27AABC003771Z7,27AABC005821Z2,14193.59,28,3908.74,910
INV000310,2025-07-12,27AABC002921Z2,27AABC001681Z8,891.24,28,254.67,3484
INV000311,2025-06-13,27AABC003781Z8,27AABC005571Z7,5000.0,18,925.24,2343
INV000312,2026-01-08,27AABC002181Z8,27AABC005271Z7,33538.97,18,5939.02,3709
INV000313,2026-03-18,27AABC000821Z2,27AABC002281Z8,8240.27,5,403.67,1580
INV000314,2025-05-02,27AABC000791Z9,27AABC000421Z2,7111.51,12,846.1,1904
INV000315,2025-12-29,27AABC002181Z8,27AABC001201Z0,33118.45,28,9358.4,3709
INV000316,2026-01-04,29SHELL000121Z2,29SHELL000131Z3,528215.16,12,63385.82,113
INV000317,2025-10-06,27AABC005201Z0,27AABC002801Z0,11477.17,5,562.18,1922
INV000318,2025-05-23,27AABC001721Z2,27AABC003051Z5,45725.18,12,5580.89,3262
INV000319,2026-01-27,27AABC002611Z1,27AABC000071Z7,998.43,18,179.72,3860
INV000320,2025-11-08,27AABC000621Z2,27AABC001591Z9,19426.73,12,2377.33,2935
INV000321,2025-12-05,27AABC001601Z0,27AABC002161Z6,3919.7,28,1089.25,3076
INV000322,2025-08-03,27AABC003541Z4,27AABC003451Z5,54872.53,12,6767.25,1882
INV000323,2025-10-18,27AABC004951Z5,27AABC003971Z7,4855.92,18,897.8,1145
INV000324,2025-10-09,27AABC003521Z2,27AABC005981Z8,4732.6,5,240.85,1168
INV000325,2026-03-16,27AABC004221Z2,27AABC005651Z5,145753.95,28,40940.05,940
INV000326,2026-02-24,27AABC002921Z2,27AABC000791Z9,1464.88,5,75.0,3484
INV000327,2025-07-21,27AABC005541Z4,27AABC002001Z0,12443.29,12,1505.34,3678
INV000328,2025-10-15,27AABC000371Z7,27AABC004201Z0,453.53,12,54.59,3417
INV000329,2025-11-11,27AABC004191Z9,27AABC004401Z0,1440.02,28,0.0,2005
INV000330,2025-11-12,27AABC005621Z2,27AABC000241Z4,11484.28,12,1376.45,3196
INV000331,2026-01-15,27AABC002121Z2,27AABC002791Z9,2037.76,18,362.39,3039
INV000332,2025-08-04,27AABC001161Z6,27AABC001521Z2,34674.64,5,0.0,2888
INV000333,2025-12-01,27AABC000111Z1,27AABC000281Z8,13217.31,5,643.07,1208
INV000334,2025-08-21,27AABC004531Z3,27AABC001741Z4,5373.8,18,939.22,3458
INV000335,2025-11-10,27AABC001321Z2,27AABC000501Z0,969.4,18,0.0,3136
INV000336,2026-03-01,27AABC001741Z4,27AABC005041Z4,6012.97,28,0.0,2351
INV000337,2025-08-21,27AABC005591Z9,27AABC004271Z7,13169.55,5,677.93,1757
INV000338,2025-09-01,27AABC001281Z8,27AABC002891Z9,8887.56,5,431.61,1401
INV000339,2026-01-31,27AABC003361Z6,27AABC002971Z7,1875.66,18,327.61,2948
INV000340,2025-10-20,27AABC005861Z6,27AABC004001Z0,6569.49,5,322.87,3534
INV000341,2025-12-21,27AABC005091Z9,27AABC003751Z5,55233.6,18,9885.86,1340
INV000342,2025-12-04,27AABC003831Z3,27AABC001121Z2,2160.01,18,397.78,2490
INV000343,2025-04-05,27AABC005571Z7,27AABC003211Z1,4823.89,18,878.85,1463
INV000344,2025-06-17,27AABC001471Z7,27AABC004651Z5,56497.68,12,6659.06,3571
INV000345,2025-12-10,27AABC000311Z1,27AABC005741Z4,17276.82,5,0.0,414
INV000346,2025-09-03,29SHELL000021Z2,29SHELL000031Z3,298087.3,18,53655.71,165
INV000347,2025-09-29,27AABC005231Z3,27AABC003591Z9,1442.23,5,70.83,2995
INV000348,2025-12-06,27AABC001121Z2,27AABC001821Z2,11900.07,28,3246.95,1752
INV000349,2025-07-03,27AABC000741Z4,27AABC003941Z4,49322.34,5,2424.02,3108
INV000350,2025-06-14,27AABC003761Z6,27AABC004731Z3,11320.44,18,0.0,1906
INV000351,2026-02-23,27AABC000091Z9,27AABC005451Z5,16081.88,18,2908.63,2513
INV000352,2025-10-22,27AABC003641Z4,27AABC002191Z9,71030.25,18,13141.61,3809
INV000353,2026-03-16,27AABC000871Z7,27AABC005671Z7,2461.12,28,701.63,666
INV000354,2025-06-21,27AABC000391Z9,27AABC001961Z6,1037.26,18,189.37,2326
INV000355,2025-06-29,27AABC001941Z4,27AABC004411Z1,1749.09,5,86.76,2399
INV000356,2025-08-15,27AABC002061Z6,27AABC000031Z3,4193.49,28,1175.64,3144
INV000357,2025-09-27,27AABC004531Z3,27AABC004801Z0,87519.61,12,10463.6,3458
INV000358,2026-02-14,27AABC002981Z8,27AABC000521Z2,980.84,18,0.0,3851
INV000359,2026-01-04,27AABC004351Z5,27AABC001061Z6,11723.93,18,2135.58,1994
INV000360,2025-09-22,27AABC001411Z1,27AABC000081Z8,21946.3,28,6169.05,841
INV000361,2026-01-07,27AABC001351Z5,27AABC002611Z1,12246.61,28,3481.02,3563
INV000362,2026-02-05,27AABC000251Z5,27AABC003151Z5,3647.07,18,671.7,1403
INV000363,2025-06-16,27AABC000551Z5,27AABC002551Z5,7187.86,12,857.47,3140
INV000364,2025-08-19,27AABC000161Z6,27AABC005951Z5,10921.15,18,1907.51,1385
INV000365,2026-03-07,27AABC000091Z9,27AABC004191Z9,481828.91,12,57819.47,2513
INV000366,2025-05-12,27AABC004781Z8,27AABC001361Z6,13384.06,12,1597.41,435
INV000367,2025-11-09,27AABC002951Z5,27AABC002661Z6,7750.38,18,1411.53,1159
INV000368,2026-01-13,27AABC000591Z9,27AABC003141Z4,18588.12,12,2258.26,1630
INV000369,2025-08-06,27AABC002441Z4,27AABC003501Z0,271847.45,12,31900.66,550
INV000370,2025-04-08,27AABC005741Z4,27AABC004211Z1,7564.46,18,1386.78,2595
INV000371,2026-02-23,27AABC000311Z1,27AABC001031Z3,27280.1,28,21486.0,414
INV000372,2025-08-01,27AABC004041Z4,27AABC003721Z2,7220.88,18,1312.96,2900
INV000373,2025-05-06,27AABC002691Z9,27AABC002281Z8,30762.16,18,5372.57,758
INV000374,2025-09-06,27AABC004181Z8,27AABC004921Z2,57904.45,5,2891.63,3128
INV000375,2025-12-27,27AABC000161Z6,27AABC000731Z3,10428.17,18,0.0,1385
INV000376,2026-01-16,27AABC001831Z3,27AABC002761Z6,25000.0,12,2935.22,1208
INV000377,2025-11-01,27AABC004011Z1,27AABC001521Z2,7296.32,12,873.49,2679
INV000378,2025-11-02,27AABC004441Z4,27AABC002281Z8,5041.08,5,254.95,513
INV000379,2025-08-30,27AABC003761Z6,27AABC001661Z6,11644.65,12,1362.51,1906
INV000380,2025-09-14,27AABC001531Z3,27AABC003621Z2,89428.43,28,24710.13,3384
INV000381,2026-02-07,27AABC001721Z2,27AABC004241Z4,4904.68,18,898.72,3262
INV000382,2025-10-06,27AABC002191Z9,27AABC002501Z0,5666.92,28,1624.68,2185
INV000383,2026-03-28,27AABC004181Z8,27AABC003121Z2,98365.44,28,27542.32,3128
INV000384,2025-08-17,27AABC003551Z5,27AABC000201Z0,1029.61,12,0.0,663
INV000385,2026-02-27,29SHELL000121Z2,29SHELL000131Z3,408782.81,28,114459.19,113
INV000386,2026-02-23,29SHELL000141Z4,27AABC000031Z3,1165719.34,28,399331.2,47
INV000387,2025-09-13,27AABC003381Z8,27AABC005661Z6,14984.64,18,2642.31,1001
INV000388,2025-09-21,27AABC004611Z1,27AABC005301Z0,5206.8,28,1430.59,1252
INV000389,2026-02-19,27AABC001441Z4,27AABC000431Z3,27092.41,12,3223.58,3316
INV000390,2025-11-16,27AABC002031Z3,27AABC004011Z1,96.06,28,26.9,3759
INV000391,2025-11-02,27AABC001931Z3,27AABC005031Z3,1356.24,5,0.0,2846
INV000392,2026-02-19,27AABC003711Z1,27AABC005201Z0,25390.82,18,4451.8,1867
INV000393,2026-01-13,27AABC000201Z0,27AABC004571Z7,4797.5,12,572.15,929
INV000394,2026-02-18,27AABC005091Z9,27AABC005551Z5,9154.19,12,1090.05,1340
INV000395,2025-09-04,27AABC004251Z5,27AABC002541Z4,17009.65,28,4657.05,2758
INV000396,2025-11-05,27AABC002661Z6,27AABC002821Z2,17451.74,12,2089.59,2201
INV000397,2026-02-09,27AABC004751Z5,27AABC004111Z1,86338.92,18,15569.35,2848
INV000398,2025-11-22,27AABC004791Z9,27AABC003931Z3,5870.67,12,724.35,1608
INV000399,2025-06-01,27AABC000851Z5,27AABC005941Z4,17264.51,12,2111.1,2516
INV000400,2025-06-29,27AABC003331Z3,27AABC004751Z5,7990.08,5,408.59,1589
INV000401,2025-12-15,27AABC004801Z0,27AABC004031Z3,4742.28,12,554.43,2116
INV000402,2025-06-14,27AABC002491Z9,27AABC001151Z5,3642.3,18,0.0,2456
INV000403,2025-05-04,27AABC003201Z0,27AABC000971Z7,18556.99,5,915.02,3517
INV000404,2025-06-12,27AABC001041Z4,27AABC005971Z7,5299.53,12,618.34,2705
INV000405,2025-09-04,27AABC002411Z1,27AABC005591Z9,2505.77,28,710.07,2585
INV000406,2026-03-25,27AABC001911Z1,27AABC005321Z2,2589.11,12,319.0,3975
INV000407,2025-04-03,27AABC005121Z2,27AABC002111Z1,4142.23,18,750.75,2543
INV000408,2025-05-03,27AABC001871Z7,27AABC000461Z6,9484.47,12,1131.82,1704
INV000409,2025-07-30,27AABC002061Z6,27AABC004831Z3,46775.43,18,8310.81,3144
INV000410,2026-02-01,27AABC000621Z2,27AABC003451Z5,5153.17,18,935.39,2935
INV000411,2026-01-02,27AABC005321Z2,27AABC005701Z0,179.93,28,51.12,3078
INV000412,2025-07-21,27AABC000251Z5,27AABC003711Z1,4062.34,12,475.74,1403
INV000413,2025-09-13,27AABC004001Z0,27AABC003631Z3,3255.39,5,162.6,3041
INV000414,2025-09-17,27AABC000531Z3,27AABC000641Z4,8139.89,18,1468.72,826
INV000415,2025-04-19,27AABC001171Z7,27AABC003911Z1,2897.65,18,526.3,3284
INV000416,2025-07-12,27AABC001771Z7,27AABC001301Z0,25000.0,5,0.0,2900
INV000417,2025-05-06,27AABC001581Z8,27AABC004271Z7,13353.14,18,2432.51,996
INV000418,2025-10-20,27AABC001021Z2,27AABC002201Z0,49713.27,12,5860.16,1144
INV000419,2025-10-09,29SHELL000201Z0,29SHELL000211Z1,625049.63,12,75005.96,21
INV000420,2025-06-03,27AABC003681Z8,27AABC005451Z5,16888.3,12,2085.49,2573
INV000421,2025-10-08,27AABC000971Z7,27AABC001911Z1,9708.33,12,1145.56,1439
INV000422,2025-07-17,27AABC005531Z3,27AABC000641Z4,7556.56,18,1349.43,971
INV000423,2026-03-19,27AABC002151Z5,27AABC002331Z3,3720.76,5,189.61,3181
INV000424,2026-03-22,27AABC000781Z8,27AABC002751Z5,1353.03,12,160.95,2427
INV000425,2025-08-13,27AABC002731Z3,27AABC005281Z8,31747.86,18,5608.15,435
INV000426,2025-04-06,27AABC005661Z6,27AABC002551Z5,2830.23,5,145.66,2673
INV000427,2025-06-08,27AABC005281Z8,27AABC000421Z2,95282.33,18,16988.69,1986
INV000428,2025-07-13,27AABC002091Z9,27AABC003791Z9,2457.13,5,119.9,3030
INV000429,2025-12-29,27AABC005791Z9,27AABC002181Z8,9727.05,18,1729.86,3587
INV000430,2025-05-06,27AABC002541Z4,27AABC005371Z7,6541.48,18,1164.09,1361
INV000431,2025-06-02,27AABC001381Z8,27AABC005221Z2,76589.91,12,9386.53,2899
INV000432,2025-05-15,27AABC001461Z6,27AABC005031Z3,92054.91,12,10935.95,673
INV000433,2025-04-21,27AABC000851Z5,27AABC005601Z0,28291.08,12,3405.44,2516
INV000434,2026-01-10,29SHELL000331Z3,29SHELL000341Z4,150779.12,12,18093.49,102
INV000435,2025-08-28,27AABC002721Z2,27AABC003061Z6,1005.44,28,282.6,1360
INV000436,2025-09-21,27AABC003411Z1,27AABC003151Z5,4457.47,18,0.0,1961
INV000437,2025-07-14,27AABC000481Z8,27AABC004201Z0,1819.41,5,88.84,3758
INV000438,2025-12-22,27AABC005871Z7,27AABC005221Z2,1888.11,5,95.33,554
INV000439,2025-05-02,27AABC004381Z8,27AABC005111Z1,8342.44,18,1498.0,3489
INV000440,2025-05-31,27AABC002781Z8,27AABC001671Z7,61704.89,12,7492.95,3941
INV000441,2026-02-28,27AABC002981Z8,27AABC003031Z3,172879.71,18,31273.72,3851
INV000442,2025-09-23,27AABC003051Z5,27AABC005651Z5,22551.03,18,4110.56,1004
INV000443,2025-09-05,27AABC004321Z2,27AABC002131Z3,74500.18,28,21265.76,671
INV000444,2025-11-24,27AABC005051Z5,27AABC000351Z5,75896.6,18,13437.84,2298
INV000445,2025-10-24,27AABC004321Z2,27AABC005831Z3,1000.0,18,175.78,671
INV000446,2025-05-06,27AABC005881Z8,27AABC002391Z9,8161.34,12,970.47,2808
INV000447,2025-07-18,27AABC000791Z9,27AABC005821Z2,9684.28,12,1156.3,1904
INV000448,2025-06-12,27AABC000621Z2,27AABC001751Z5,63834.21,18,11161.08,2935
INV000449,2025-06-12,27AABC005881Z8,27AABC005151Z5,10000.0,12,0.0,2808
INV000450,2025-04-17,27AABC001051Z5,27AABC002371Z7,30913.87,18,5704.06,2603
INV000451,2025-08-26,27AABC000471Z7,27AABC005881Z8,21115.33,12,2488.94,3794
INV000452,2025-06-16,29SHELL000181Z8,29SHELL000191Z9,585068.23,18,105312.28,123
INV000453,2025-06-17,27AABC000971Z7,27AABC001511Z1,575.34,12,68.6,1439
INV000454,2025-08-01,27AABC003321Z2,27AABC003051Z5,21366.26,18,0.0,3697
INV000455,2025-12-23,27AABC003491Z9,27AABC005921Z2,44800.63,18,8129.23,1567
INV000456,2025-07-09,29SHELL000181Z8,29SHELL000191Z9,264528.9,28,74068.09,123
INV000457,2026-02-25,27AABC004921Z2,27AABC004071Z7,8724.39,18,1560.29,3529
INV000458,2025-09-01,27AABC002581Z8,27AABC004541Z4,4785.42,18,862.57,3692
INV000459,2025-11-07,27AABC003541Z4,27AABC003041Z4,2849.22,12,338.82,1882
INV000460,2025-08-07,27AABC004571Z7,27AABC002001Z0,20722.61,28,5843.73,3191
INV000461,2025-05-31,27AABC002041Z4,27AABC002551Z5,16750.0,12,2040.42,3254
INV000462,2025-08-03,27AABC001591Z9,27AABC001161Z6,19824.56,12,2357.72,1846
INV000463,2025-07-22,29SHELL000281Z8,29SHELL000291Z9,515915.3,18,92864.75,167
INV000464,2026-02-26,27AABC003651Z5,27AABC002611Z1,815.34,18,145.33,3225
INV000465,2025-05-29,27AABC000101Z0,27AABC002411Z1,2737.66,12,330.06,3872
INV000466,2025-09-07,27AABC005841Z4,27AABC004321Z2,7623.79,18,1367.54,2243
INV000467,2025-08-19,27AABC005681Z8,27AABC005031Z3,2127.37,18,380.92,726
INV000468,2026-01-14,29SHELL000121Z2,29SHELL000131Z3,677246.33,28,189628.97,113
INV000469,2026-03-25,27AABC002951Z5,27AABC001461Z6,10725.25,12,1311.71,1159
INV000470,2025-08-25,27AABC002981Z8,27AABC005981Z8,1549.58,5,76.66,3851
INV000471,2026-03-05,27AABC005531Z3,27AABC004211Z1,961.65,18,173.1,971
INV000472,2025-07-17,27AABC002371Z7,27AABC003621Z2,9557.69,5,466.65,1949
INV000473,2025-11-06,27AABC003011Z1,27AABC000701Z0,1696.5,5,86.74,2635
INV000474,2025-08-23,27AABC004661Z6,27AABC004431Z3,4118.69,18,739.92,1858
INV000475,2025-07-19,27AABC004401Z0,27AABC003751Z5,30042.4,18,5435.97,2924
INV000476,2025-07-29,29SHELL000331Z3,27AABC000021Z2,1057074.01,28,360720.26,102
INV000477,2025-05-12,27AABC002901Z0,27AABC002161Z6,14493.92,12,1762.34,3893
INV000478,2025-11-02,27AABC002711Z1,27AABC000161Z6,166.14,18,30.69,1495
INV000479,2025-05-22,27AABC004801Z0,27AABC004721Z2,15388.72,12,1875.52,2116
INV000480,2025-07-10,27AABC005151Z5,27AABC000671Z7,8254.74,5,418.9,1133
INV000481,2026-03-06,27AABC003101Z0,27AABC000811Z1,33735.2,28,9608.5,2544
INV000482,2025-08-03,27AABC002311Z1,27AABC005941Z4,10750.35,12,1270.34,3091
INV000483,2026-01-16,27AABC001801Z0,27AABC004861Z6,19698.81,12,2376.81,1443
INV000484,2025-04-01,27AABC003411Z1,27AABC002531Z3,34886.05,28,9684.95,1961
INV000485,2025-04-26,27AABC000801Z0,27AABC002401Z0,6802.77,18,1230.18,1361
INV000486,2026-01-20,27AABC000261Z6,27AABC005991Z9,2239.01,28,632.25,3196
INV000487,2025-04-04,27AABC000451Z5,27AABC000411Z1,1453.77,5,70.79,2535
INV000488,2025-10-18,27AABC004561Z6,27AABC000751Z5,41713.57,18,7374.21,1470
INV000489,2025-10-19,27AABC005731Z3,27AABC005381Z8,18289.2,12,2131.22,1569
INV000490,2025-09-20,27AABC002411Z1,27AABC001511Z1,2000.0,12,0.0,2585
INV000491,2025-05-13,27AABC002841Z4,27AABC000911Z1,5583.21,18,991.47,943
INV000492,2025-09-17,27AABC003271Z7,27AABC001201Z0,5081.37,18,924.27,1813
INV000493,2025-08-13,27AABC002321Z2,27AABC003331Z3,17200.9,18,0.0,2421
INV000494,2025-04-09,27AABC004071Z7,27AABC001331Z3,570.98,12,69.05,411
INV000495,2026-02-25,27AABC001451Z5,27AABC000851Z5,4049.17,12,485.48,3710
INV000496,2026-02-19,27AABC005441Z4,27AABC004731Z3,492.17,28,137.81,2871
INV000497,2025-10-09,27AABC002471Z7,27AABC003711Z1,443.92,18,81.24,3112
INV000498,2025-06-07,27AABC004661Z6,27AABC002501Z0,2642.32,5,134.04,1858
INV000499,2025-09-07,27AABC000131Z3,27AABC000981Z8,5000.0,28,1381.66,3106
INV000500,2026-03-31,27AABC002671Z7,27AABC001661Z6,8455.83,5,425.15,920
INV000501,2025-04-26,27AABC003781Z8,27AABC000071Z7,292.16,18,51.6,2343
INV000502,2025-06-10,27AABC004471Z7,27AABC003461Z6,11035.36,28,3096.92,3109
INV000503,2026-01-05,27AABC001391Z9,27AABC005971Z7,3013.34,12,359.03,2187
INV000504,2025-11-19,27AABC001901Z0,27AABC000751Z5,13563.78,18,2418.24,3627
INV000505,2025-11-15,27AABC004721Z2,27AABC005131Z3,21308.54,18,3863.15,1648
INV000506,2025-08-03,27AABC001591Z9,27AABC001561Z6,16218.27,12,1897.15,1846
INV000507,2025-05-15,27AABC000361Z6,27AABC005561Z6,5235.28,28,1462.05,450
INV000508,2025-07-31,27AABC005221Z2,27AABC002731Z3,717.85,18,129.94,2536
INV000509,2025-12-27,27AABC000051Z5,27AABC002831Z3,8557.08,18,1533.95,472
INV000510,2025-10-24,27AABC000751Z5,27AABC002531Z3,1061.93,5,54.43,2216
INV000511,2025-06-30,27AABC003461Z6,27AABC005031Z3,54482.21,18,9974.73,3196
INV000512,2025-07-28,27AABC002621Z2,27AABC005031Z3,2349.37,18,433.93,629
INV000513,2025-09-12,27AABC005291Z9,27AABC001491Z9,135.68,18,24.27,3756
INV000514,2025-12-19,27AABC004151Z5,27AABC003561Z6,16791.0,28,4733.16,2853
INV000515,2025-06-06,27AABC005311Z1,27AABC003991Z9,21575.87,18,3940.35,2733
INV000516,2025-12-28,27AABC004151Z5,27AABC001991Z9,10136.17,12,1212.55,2853
INV000517,2025-11-03,27AABC001321Z2,27AABC002681Z8,1909.42,18,349.33,3136
INV000518,2025-08-22,27AABC000081Z8,27AABC005071Z7,735.74,28,0.0,2072
INV000519,2025-12-31,27AABC001871Z7,27AABC005851Z5,3967.9,12,479.62,1704
INV000520,2025-12-16,27AABC004791Z9,27AABC001831Z3,12189.02,18,2238.46,1608
INV000521,2025-10-22,27AABC005041Z4,27AABC000581Z8,16101.06,12,1972.2,1590
INV000522,2025-08-18,27AABC005701Z0,27AABC005941Z4,46178.61,18,8535.7,734
INV000523,2025-04-04,27AABC002191Z9,27AABC001781Z8,4094.89,28,1160.9,2185
INV000524,2025-05-27,27AABC001761Z6,27AABC003651Z5,1728.54,28,486.61,3954
INV000525,2025-08-31,27AABC005551Z5,27AABC001911Z1,1609.75,18,295.03,1908
INV000526,2025-04-05,27AABC000361Z6,27AABC004151Z5,2000.0,28,553.32,450
INV000527,2026-01-23,27AABC001931Z3,27AABC003351Z5,2027.9,12,246.79,2846
INV000528,2025-05-01,27AABC005491Z9,27AABC002991Z9,3155.47,18,555.78,1786
INV000529,2026-01-02,27AABC001271Z7,27AABC003681Z8,45990.97,28,12545.21,445
INV000530,2025-10-16,27AABC003251Z5,27AABC005901Z0,3433.4,18,620.5,3960
INV000531,2025-07-01,27AABC000631Z3,27AABC000851Z5,1472.16,5,73.62,2383
INV000532,2026-03-03,27AABC003681Z8,27AABC003441Z4,19304.59,5,982.53,2573
INV000533,2025-08-23,27AABC003711Z1,27AABC000021Z2,561.59,18,101.48,1867
INV000534,2026-01-09,27AABC004041Z4,27AABC002901Z0,1390.5,5,67.81,2900
INV000535,2025-09-03,27AABC005171Z7,27AABC001621Z2,4143.28,18,733.9,2404
INV000536,2025-12-31,27AABC004061Z6,27AABC001211Z1,1630.45,12,195.7,776
INV000537,2025-07-05,27AABC005051Z5,27AABC003001Z0,220100.03,18,39848.35,2298
INV000538,2025-07-20,27AABC001421Z2,27AABC000981Z8,32267.08,18,5634.39,3779
INV000539,2025-08-25,27AABC004041Z4,27AABC002801Z0,3800.86,18,671.93,2900
INV000540,2025-09-26,27AABC001781Z8,27AABC001331Z3,428.4,18,77.78,2213
INV000541,2025-10-02,27AABC005141Z4,27AABC002451Z5,3522.68,5,178.12,1225
INV000542,2025-04-07,27AABC001941Z4,27AABC005161Z6,19494.44,18,3479.24,2399
INV000543,2025-07-23,27AABC002171Z7,27AABC004721Z2,1465.97,5,73.39,3802
INV000544,2025-08-12,27AABC000891Z9,27AABC002171Z7,2839.38,28,777.02,2489
INV000545,2025-12-10,27AABC001771Z7,27AABC002971Z7,1230.02,18,217.89,2900
INV000546,2025-07-25,27AABC000611Z1,27AABC004071Z7,38787.05,12,4658.61,1480
INV000547,2025-08-26,27AABC001641Z4,27AABC002531Z3,35829.93,18,6533.48,3572
INV000548,2025-11-15,27AABC003241Z4,27AABC004411Z1,3947.21,5,194.8,1059
INV000549,2026-01-16,27AABC004091Z9,27AABC001231Z3,7355.5,5,359.29,3475
INV000550,2025-04-20,27AABC000211Z1,27AABC005991Z9,1598.08,28,451.07,3839
INV000551,2025-05-12,27AABC003521Z2,27AABC001401Z0,2576.85,18,0.0,1168
INV000552,2026-01-12,27AABC005441Z4,27AABC005971Z7,327.63,12,38.51,2871
INV000553,2025-08-09,27AABC001991Z9,27AABC002741Z4,4434.01,5,220.41,3109
INV000554,2025-05-04,27AABC005801Z0,27AABC003331Z3,8449.97,12,1020.27,515
INV000555,2025-04-03,29SHELL000231Z3,29SHELL000241Z4,791978.68,18,142556.16,21
INV000556,2025-12-31,27AABC005391Z9,27AABC000831Z3,25862.2,12,3014.76,2576
INV000557,2025-11-30,27AABC000621Z2,27AABC001241Z4,1480.62,28,417.05,2935
INV000558,2025-04-07,27AABC005651Z5,27AABC004771Z7,9555.64,18,1760.72,2429
INV000559,2025-04-23,27AABC000011Z1,27AABC001361Z6,22413.75,18,4058.66,2748
INV000560,2025-06-20,27AABC002311Z1,27AABC005591Z9,5013.51,5,257.66,3091
INV000561,2025-05-04,27AABC002241Z4,27AABC001781Z8,21056.31,5,1026.31,2927
INV000562,2025-12-07,27AABC004381Z8,27AABC003311Z1,2613.23,18,0.0,3489
INV000563,2025-04-06,27AABC004961Z6,27AABC001581Z8,954.76,18,167.76,470
INV000564,2025-04-23,27AABC003901Z0,27AABC001961Z6,10089.43,18,1869.55,3451
INV000565,2026-02-23,27AABC004771Z7,27AABC005331Z3,3542.64,18,629.94,573
INV000566,2026-01-11,27AABC003371Z7,27AABC005781Z8,4233.86,28,1195.28,1125
INV000567,2026-02-20,27AABC003111Z1,27AABC005561Z6,2186.58,5,107.02,2124
INV000568,2025-10-23,27AABC000841Z4,27AABC002441Z4,3058.15,28,852.69,2908
INV000569,2025-06-11,27AABC002491Z9,27AABC000451Z5,42875.48,12,5055.95,2456
INV000570,2025-07-09,29SHELL000321Z2,27AABC000021Z2,224938.52,18,50866.33,139
INV000571,2025-05-29,27AABC000871Z7,27AABC002571Z7,1000.0,28,274.04,666
INV000572,2026-02-26,27AABC003531Z3,27AABC003461Z6,8422.93,5,0.0,1288
INV000573,2026-03-03,27AABC000211Z1,27AABC003431Z3,10392.31,12,1281.12,3839
INV000574,2025-11-17,27AABC005031Z3,27AABC001251Z5,5027.15,18,924.78,1639
INV000575,2025-06-29,27AABC003201Z0,27AABC003461Z6,874.94,5,44.64,3517
INV000576,2025-11-23,27AABC000301Z0,27AABC001841Z4,5320.38,28,0.0,2044
INV000577,2025-12-06,27AABC002041Z4,27AABC004171Z7,6398.87,18,1134.95,3254
INV000578,2026-03-16,27AABC003761Z6,27AABC005341Z4,46569.84,5,2337.49,1906
INV000579,2025-11-04,27AABC004691Z9,27AABC005321Z2,8854.56,18,1562.47,1399
INV000580,2025-10-30,27AABC001541Z4,27AABC004281Z8,57600.48,18,10455.12,3798
INV000581,2025-06-14,27AABC002911Z1,27AABC003601Z0,959.71,12,0.0,2596
INV000582,2025-12-09,27AABC003901Z0,27AABC003971Z7,6494.61,18,1143.8,3451
INV000583,2026-01-01,27AABC005221Z2,27AABC001391Z9,1000.0,18,177.22,2536
INV000584,2025-12-19,27AABC000341Z4,27AABC004111Z1,11474.0,12,1400.36,2372
INV000585,2025-09-30,27AABC001131Z3,27AABC005471Z7,172476.12,28,47572.24,2038
INV000586,2026-01-06,27AABC005791Z9,27AABC001821Z2,5000.0,18,874.26,3587
INV000587,2025-05-20,27AABC003551Z5,27AABC005691Z9,220671.97,18,40841.57,663
INV000588,2025-09-21,27AABC004821Z2,27AABC000101Z0,514.11,12,62.55,2433
INV000589,2025-04-04,27AABC004401Z0,27AABC005571Z7,769018.74,12,90556.89,2924
INV000590,2025-05-07,27AABC000251Z5,27AABC000011Z1,1663.85,28,470.86,1403
INV000591,2026-03-28,27AABC002451Z5,27AABC004511Z1,12686.9,28,3552.64,2842
INV000592,2025-10-31,27AABC004061Z6,27AABC003791Z9,961.58,18,168.42,776
INV000593,2025-05-29,27AABC000631Z3,27AABC002641Z4,27039.56,12,3315.67,2383
INV000594,2025-08-14,27AABC002891Z9,27AABC001801Z0,82663.55,18,14526.62,3855
INV000595,2026-03-04,27AABC001121Z2,27AABC005451Z5,1505.68,28,431.93,1752
INV000596,2026-01-14,27AABC000781Z8,27AABC003001Z0,14770.16,5,737.63,2427
INV000597,2025-10-17,27AABC005621Z2,27AABC001931Z3,30069.62,18,5382.76,3196
INV000598,2026-02-07,27AABC004321Z2,27AABC003961Z6,22275.37,18,4110.67,671
INV000599,2025-09-13,27AABC004001Z0,27AABC005501Z0,8485.91,18,1519.04,3041
INV000600,2025-04-05,27AABC004351Z5,27AABC005131Z3,68.0,12,7.92,1994
INV000601,2026-02-09,27AABC001521Z2,27AABC000511Z1,1106.67,5,54.25,2161
INV000602,2025-04-17,27AABC003951Z5,27AABC001861Z6,1093.95,5,53.9,768
INV000603,2026-01-27,27AABC003401Z0,27AABC001171Z7,34875.16,12,4243.54,720
INV000604,2025-07-06,27AABC000741Z4,27AABC002411Z1,22395.07,18,4085.39,3108
INV000605,2025-10-26,27AABC001291Z9,27AABC000301Z0,3747.82,18,671.75,1825
INV000606,2025-11-15,27AABC001511Z1,27AABC001431Z3,9993.75,18,0.0,2772
INV000607,2025-04-22,27AABC005831Z3,27AABC003471Z7,52539.69,12,6130.26,532
INV000608,2025-10-28,27AABC000731Z3,27AABC001071Z7,11542.27,18,2031.6,1629
INV000609,2025-10-30,27AABC004951Z5,27AABC004821Z2,19380.19,18,3392.32,1145
INV000610,2026-03-27,27AABC001051Z5,27AABC005461Z6,273.47,5,13.78,2603
INV000611,2026-02-05,27AABC002241Z4,27AABC005341Z4,12344.4,12,1520.47,2927
INV000612,2025-04-18,27AABC001031Z3,27AABC004941Z4,3881.56,18,696.2,1928
INV000613,2026-02-25,29SHELL000101Z0,29SHELL000111Z1,659878.08,18,118778.05,51
INV000614,2026-03-22,27AABC000581Z8,27AABC005331Z3,2000.0,12,241.78,779
INV000615,2026-03-09,27AABC003711Z1,27AABC000951Z5,18885.31,18,3368.76,1867
INV000616,2025-12-08,27AABC001371Z7,27AABC005711Z1,3596.28,18,641.28,3380
INV000617,2025-10-01,29SHELL000001Z0,29SHELL000011Z1,745732.4,28,208805.07,54
INV000618,2025-05-10,27AABC005831Z3,27AABC003231Z3,3085.61,18,550.54,532
INV000619,2026-03-17,27AABC004911Z1,27AABC003441Z4,53501.2,5,2605.83,1653
INV000620,2025-12-15,29SHELL000391Z9,27AABC000001Z0,289678.14,12,40280.38,35
INV000621,2025-04-10,27AABC002851Z5,27AABC005911Z1,20738.4,5,1058.74,545
INV000622,2025-07-03,27AABC004441Z4,27AABC001491Z9,3562.64,5,176.82,513
INV000623,2025-10-16,27AABC002621Z2,27AABC000451Z5,1391.65,28,389.62,629
INV000624,2025-11-12,27AABC003891Z9,27AABC003901Z0,21686.58,18,3887.9,3436
INV000625,2025-07-24,27AABC001381Z8,27AABC003591Z9,4631.68,18,0.0,2899
INV000626,2025-05-19,27AABC003351Z5,27AABC005941Z4,3653.47,18,0.0,3302
INV000627,2025-07-02,27AABC003461Z6,27AABC005721Z2,32305.32,28,9198.32,3196
INV000628,2025-04-23,27AABC004141Z4,27AABC000231Z3,1956.61,18,354.09,2008
INV000629,2025-10-30,27AABC001001Z0,27AABC004161Z6,755.58,28,217.68,1028
INV000630,2025-04-19,27AABC004131Z3,27AABC001641Z4,53518.65,18,9735.86,2343
INV000631,2026-03-12,27AABC001991Z9,27AABC000221Z2,4269.5,12,522.88,3109
INV000632,2025-08-03,27AABC000461Z6,27AABC001531Z3,10175.46,5,513.94,2920
INV000633,2025-05-22,27AABC000391Z9,27AABC000661Z6,22304.76,18,4076.51,2326
INV000634,2025-07-25,27AABC002131Z3,27AABC002421Z2,17130.61,12,2012.4,1186
INV000635,2025-12-12,27AABC000931Z3,27AABC005291Z9,2944.16,28,829.31,2340
INV000636,2025-11-29,27AABC000171Z7,27AABC005171Z7,28416.73,18,5176.77,1911
INV000637,2025-07-27,27AABC003991Z9,27AABC001351Z5,7572.86,12,917.85,3434
INV000638,2025-11-29,27AABC005621Z2,27AABC001801Z0,7811.31,12,943.47,3196
INV000639,2025-07-30,27AABC005921Z2,27AABC004131Z3,1677.95,5,81.8,1973
INV000640,2026-01-26,27AABC004831Z3,27AABC004841Z4,583.8,28,165.17,3901
INV000641,2026-03-26,27AABC001841Z4,27AABC005561Z6,10829.05,12,1262.15,1688
INV000642,2026-01-14,27AABC003591Z9,27AABC000151Z5,7013.85,28,1973.54,3258
INV000643,2025-06-10,29SHELL000081Z8,27AABC000041Z4,886162.75,28,310722.97,118
INV000644,2025-08-02,27AABC002231Z3,27AABC001041Z4,138214.27,18,25326.16,1416
INV000645,2026-01-30,27AABC002261Z6,27AABC003761Z6,5000.0,18,875.45,1229
INV000646,2025-11-07,27AABC004581Z8,27AABC002261Z6,2662.91,5,133.84,3730
INV000647,2025-06-11,27AABC002041Z4,27AABC005621Z2,5000.0,28,1410.65,3254
INV000648,2025-11-29,27AABC003921Z2,27AABC003601Z0,2762.48,12,328.43,930
INV000649,2025-09-22,27AABC004901Z0,27AABC002861Z6,665.21,5,33.75,3622
INV000650,2026-02-16,27AABC001571Z7,27AABC003181Z8,8567.69,18,1516.71,2647
INV000651,2026-02-11,27AABC005371Z7,27AABC002221Z2,10684.91,28,2919.34,1862
INV000652,2025-04-14,29SHELL000141Z4,29SHELL000101Z0,240229.88,18,43241.38,47
INV000653,2025-11-09,27AABC000851Z5,27AABC002201Z0,168920.43,18,30703.43,2516
INV000654,2025-05-17,27AABC000181Z8,27AABC003991Z9,21592.64,18,0.0,2701
INV000655,2025-06-10,27AABC002201Z0,27AABC001881Z8,3439.47,18,614.02,1721
INV000656,2025-10-25,27AABC002651Z5,27AABC003621Z2,2000.0,18,358.44,1941
INV000657,2026-02-19,29SHELL000241Z4,29SHELL000201Z0,427207.37,12,51264.88,148
INV000658,2025-09-07,27AABC003301Z0,27AABC003661Z6,1197.46,12,147.6,1187
INV000659,2025-05-26,27AABC005381Z8,27AABC002781Z8,9688.43,12,0.0,3712
INV000660,2026-01-20,27AABC003291Z9,27AABC004541Z4,1184.88,28,0.0,1270
INV000661,2025-11-14,27AABC002921Z2,27AABC003601Z0,46467.96,18,8269.27,3484
INV000662,2025-10-07,27AABC003721Z2,27AABC005971Z7,99.0,12,11.99,3595
INV000663,2026-03-06,27AABC000341Z4,27AABC002601Z0,2730.5,28,773.95,2372
INV000664,2025-12-30,27AABC003161Z6,27AABC003581Z8,61334.41,5,3007.69,3202
INV000665,2025-04-29,27AABC001651Z5,27AABC003551Z5,2211.87,18,0.0,3574
INV000666,2026-03-17,27AABC000961Z6,27AABC004761Z6,14637.43,12,1801.91,1283
INV000667,2025-09-29,27AABC001391Z9,27AABC003441Z4,59705.54,5,3017.15,2187
INV000668,2026-03-14,27AABC003081Z8,27AABC002831Z3,4832.76,5,241.58,3250
INV000669,2025-12-29,27AABC001201Z0,27AABC004391Z9,22290.23,18,4057.34,857
INV000670,2025-05-06,29SHELL000051Z5,29SHELL000061Z6,87282.16,12,10473.86,167
INV000671,2025-08-02,27AABC003881Z8,27AABC001411Z1,13922.0,28,9130.76,3216
INV000672,2025-08-27,27AABC005471Z7,27AABC000571Z7,3992.58,28,1145.06,3747
INV000673,2025-08-19,27AABC005991Z9,27AABC003551Z5,5727.66,28,1591.84,3701
INV000674,2025-08-09,27AABC004211Z1,27AABC002681Z8,4555.87,12,560.22,2195
INV000675,2025-11-18,27AABC005391Z9,27AABC001781Z8,11051.77,18,1951.92,2576
INV000676,2025-09-11,27AABC000061Z6,27AABC002701Z0,7471.02,28,0.0,1395
INV000677,2026-01-04,27AABC000751Z5,27AABC001931Z3,7808.91,18,1439.76,2216
INV000678,2025-09-27,27AABC000541Z4,27AABC001611Z1,2867.93,18,515.45,3509
INV000679,2025-05-18,27AABC005451Z5,27AABC000581Z8,5526.42,28,4841.34,2953
INV000680,2025-11-23,27AABC005251Z5,27AABC002181Z8,22297.69,28,6325.9,1906
INV000681,2025-12-14,27AABC000561Z6,27AABC001151Z5,1771.07,18,326.73,855
INV000682,2026-01-18,27AABC005131Z3,27AABC005061Z6,5483.2,18,1012.55,1872
INV000683,2025-09-14,27AABC005771Z7,27AABC004281Z8,7901.54,28,2150.89,2939
INV000684,2025-10-26,27AABC004931Z3,27AABC002131Z3,22719.86,12,2785.8,520
INV000685,2025-10-11,27AABC002231Z3,27AABC004191Z9,24296.98,18,4304.85,1416
INV000686,2025-12-22,27AABC003001Z0,27AABC003061Z6,3512.24,18,622.69,3550
INV000687,2025-11-16,27AABC002671Z7,27AABC001271Z7,9744.51,28,2746.4,920
INV000688,2025-07-23,27AABC000281Z8,27AABC002921Z2,9959.77,28,0.0,3621
INV000689,2025-10-08,27AABC005921Z2,27AABC003501Z0,1793.78,12,218.23,1973
INV000690,2025-07-14,27AABC003171Z7,27AABC001751Z5,9387.18,12,1156.6,3449
INV000691,2025-04-01,27AABC003541Z4,27AABC000071Z7,21918.07,18,3948.19,1882
INV000692,2026-02-21,27AABC002201Z0,27AABC002781Z8,9124.0,18,1676.33,1721
INV000693,2025-06-04,27AABC005481Z8,27AABC000731Z3,10000.0,5,511.31,1973
INV000694,2025-12-11,27AABC002631Z3,27AABC000121Z2,1000.0,18,0.0,2746
INV000695,2025-10-14,27AABC004511Z1,27AABC000821Z2,525.39,18,93.37,702
INV000696,2025-09-08,29SHELL000191Z9,29SHELL000151Z5,838114.88,12,100573.79,125
INV000697,2026-03-05,27AABC000001Z0,27AABC004071Z7,145.1,18,25.36,2219
INV000698,2025-04-22,27AABC004611Z1,27AABC000641Z4,11131.11,18,2024.42,1252
INV000699,2025-08-01,27AABC005031Z3,27AABC002231Z3,4755.77,5,238.56,1639
INV000700,2025-09-19,27AABC002851Z5,27AABC001331Z3,2962.5,18,526.44,545
INV000701,2025-12-21,27AABC004431Z3,27AABC005111Z1,6487.88,18,1174.94,3349
INV000702,2025-11-05,27AABC002071Z7,27AABC005501Z0,2329.65,18,420.67,1355
INV000703,2026-02-06,27AABC002631Z3,27AABC001701Z0,15930.18,12,3857.56,2746
INV000704,2026-01-13,27AABC001561Z6,27AABC000851Z5,14087.84,12,1675.44,1886
INV000705,2025-06-26,27AABC004161Z6,27AABC005971Z7,25700.29,18,4702.41,2561
INV000706,2025-10-11,27AABC000321Z2,27AABC004691Z9,44605.94,5,2295.93,1920
INV000707,2025-06-26,27AABC000011Z1,27AABC000121Z2,4108.93,5,207.22,2748
INV000708,2025-07-16,27AABC004911Z1,27AABC005081Z8,12862.85,18,2249.29,1653
INV000709,2025-04-09,27AABC001141Z4,27AABC005271Z7,3054.67,5,156.9,3538
INV000710,2025-06-15,27AABC005651Z5,27AABC002781Z8,25000.0,18,4484.6,2429
INV000711,2026-03-28,27AABC004021Z2,27AABC003561Z6,18728.71,12,2313.88,1652
INV000712,2026-03-17,27AABC001971Z7,27AABC000661Z6,37446.16,5,1844.69,3017
INV000713,2025-05-13,27AABC004961Z6,27AABC000781Z8,46453.98,18,8229.44,470
INV000714,2025-09-27,27AABC002531Z3,27AABC000751Z5,5642.7,5,277.44,3689
INV000715,2026-03-28,27AABC000851Z5,27AABC002731Z3,3995.6,18,740.39,2516
INV000716,2025-05-08,27AABC002081Z8,27AABC005191Z9,1568.7,5,0.0,2450
INV000717,2026-03-27,29SHELL000001Z0,27AABC000011Z1,882796.1,18,169474.57,54
INV000718,2026-01-06,27AABC001991Z9,27AABC005301Z0,194092.39,18,34014.25,3109
INV000719,2026-02-12,27AABC002301Z0,27AABC002481Z8,4602.04,28,1252.73,1425
INV000720,2025-04-27,27AABC000431Z3,27AABC002921Z2,47807.82,12,5587.54,3802
INV000721,2026-01-12,27AABC002871Z7,27AABC001171Z7,2635.51,18,478.4,858
INV000722,2025-07-25,29SHELL000261Z6,29SHELL000271Z7,316251.2,12,37950.14,70
INV000723,2026-02-02,29SHELL000281Z8,27AABC000031Z3,335652.54,28,111031.84,167
INV000724,2025-11-06,27AABC005171Z7,27AABC000981Z8,8297.84,5,422.41,2404
INV000725,2025-07-21,27AABC004481Z8,27AABC000051Z5,18365.37,28,5118.66,3618
INV000726,2026-02-27,27AABC005911Z1,27AABC004851Z5,51056.49,18,9265.91,3164
INV000727,2025-06-28,27AABC000931Z3,27AABC000721Z2,6641.52,18,1202.22,2340
INV000728,2025-12-01,27AABC005611Z1,27AABC002211Z1,10074.43,18,1836.1,1432
INV000729,2026-03-22,27AABC005481Z8,27AABC005861Z6,25000.0,18,4417.53,1973
INV000730,2025-06-06,27AABC003481Z8,27AABC001291Z9,3944.18,18,0.0,992
INV000731,2025-06-21,27AABC002741Z4,27AABC000701Z0,4209.04,18,770.54,536
INV000732,2025-11-28,27AABC002071Z7,27AABC003931Z3,7242.29,18,1334.82,1355
INV000733,2025-11-18,27AABC004361Z6,27AABC004001Z0,5055.76,5,259.56,1330
INV000734,2025-12-24,27AABC002521Z2,27AABC002431Z3,26906.6,18,4854.53,1073
INV000735,2025-12-03,29SHELL000251Z5,27AABC000021Z2,733317.38,28,273119.54,165
INV000736,2025-04-06,27AABC003391Z9,27AABC000031Z3,989.47,28,284.9,1029
INV000737,2025-04-14,27AABC001901Z0,27AABC003871Z7,8171.21,12,967.53,3627
INV000738,2025-05-29,27AABC002761Z6,27AABC005601Z0,2006.27,12,234.19,1735
INV000739,2026-01-06,27AABC003241Z4,27AABC004701Z0,34431.14,28,9591.99,1059
INV000740,2025-09-22,29SHELL000281Z8,27AABC000041Z4,1062923.09,28,396956.69,167
INV000741,2025-06-07,27AABC002541Z4,27AABC005811Z1,58191.39,12,6994.6,1361
INV000742,2025-05-22,27AABC003811Z1,27AABC005701Z0,6849.05,18,1253.16,1588
INV000743,2025-12-24,27AABC005951Z5,27AABC001621Z2,6915.91,28,1915.76,1853
INV000744,2026-02-04,27AABC003491Z9,27AABC001851Z5,4387.65,18,0.0,1567
INV000745,2025-07-03,27AABC003011Z1,27AABC001851Z5,1294.91,18,232.27,2635
INV000746,2025-09-16,27AABC001341Z4,27AABC005651Z5,1879.54,18,0.0,3282
INV000747,2025-12-02,27AABC004711Z1,27AABC001461Z6,1506.32,18,264.27,1483
INV000748,2025-04-26,27AABC001911Z1,27AABC004001Z0,9306.7,18,1694.97,3975
INV000749,2025-07-24,27AABC000851Z5,27AABC005051Z5,12723.24,28,0.0,2516
INV000750,2025-09-01,27AABC002131Z3,27AABC000221Z2,4652.83,18,855.97,1186
INV000751,2025-11-24,27AABC004341Z4,27AABC004711Z1,669561.12,18,123069.52,2745
INV000752,2025-05-16,27AABC003071Z7,27AABC001551Z5,15768.68,18,2838.96,728
INV000753,2025-08-07,27AABC000761Z6,27AABC002331Z3,21189.41,12,2517.95,520
INV000754,2025-07-17,27AABC000391Z9,27AABC001441Z4,10000.0,18,1754.42,2326
INV000755,2025-07-25,27AABC002101Z0,27AABC001641Z4,596.77,18,108.08,1723
INV000756,2025-06-17,27AABC001181Z8,27AABC002211Z1,4123.73,12,486.91,2766
INV000757,2025-09-27,27AABC001591Z9,27AABC004441Z4,3179.92,28,873.33,1846
INV000758,2026-01-30,27AABC001161Z6,27AABC002461Z6,1582.05,12,0.0,2888
INV000759,2025-05-17,27AABC000131Z3,27AABC003301Z0,23377.59,18,4319.46,3106
INV000760,2025-09-24,29SHELL000231Z3,29SHELL000241Z4,305874.08,12,36704.89,21
INV000761,2025-09-20,27AABC000121Z2,27AABC002991Z9,1503.81,18,263.24,3447
INV000762,2026-02-20,27AABC005601Z0,27AABC005691Z9,10659.25,18,1942.65,1813
INV000763,2025-11-13,27AABC003261Z6,27AABC000641Z4,249995.98,12,29922.55,437
INV000764,2025-05-17,27AABC001741Z4,27AABC003491Z9,3119.75,12,626.05,2351
INV000765,2025-07-20,27AABC001101Z0,27AABC002501Z0,5413.12,18,0.0,414
INV000766,2025-08-12,27AABC000791Z9,27AABC000041Z4,4682.08,18,861.06,1904
INV000767,2025-07-25,27AABC001331Z3,27AABC005701Z0,5192.09,28,1465.64,2439
INV000768,2025-08-23,27AABC003351Z5,27AABC000801Z0,16423.25,18,2974.72,3302
INV000769,2026-02-04,27AABC001191Z9,27AABC000711Z1,1614.77,18,282.68,3147
INV000770,2025-11-04,27AABC005791Z9,27AABC002401Z0,14143.7,12,1705.99,3587
INV000771,2025-09-10,27AABC004751Z5,27AABC005391Z9,5935.87,12,722.84,2848
INV000772,2025-09-11,27AABC000061Z6,27AABC000361Z6,864.52,28,239.33,1395
INV000773,2026-02-27,27AABC000171Z7,27AABC000531Z3,18961.14,28,5244.84,1911
INV000774,2025-05-18,27AABC002861Z6,27AABC005261Z6,26815.73,12,3229.03,3634
INV000775,2025-06-02,27AABC002751Z5,27AABC004331Z3,19915.81,5,982.29,3453
INV000776,2026-03-05,27AABC005041Z4,27AABC000551Z5,3017.99,12,359.33,1590
INV000777,2025-12-07,27AABC005411Z1,27AABC000211Z1,1177.12,18,212.87,3955
INV000778,2026-01-30,27AABC003241Z4,27AABC003751Z5,2546.53,12,308.07,1059
INV000779,2026-03-23,27AABC003561Z6,27AABC001451Z5,3435.24,12,421.98,3338
INV000780,2025-11-01,27AABC001541Z4,27AABC005341Z4,728.0,18,132.02,3798
INV000781,2026-02-17,27AABC000261Z6,27AABC003581Z8,2564.36,28,708.32,3196
INV000782,2025-08-11,27AABC000021Z2,27AABC005001Z0,4886.35,12,582.83,1844
INV000783,2025-11-28,27AABC002401Z0,27AABC004471Z7,3563.53,18,657.53,2387
INV000784,2025-12-25,27AABC004411Z1,27AABC004201Z0,8157.29,18,1479.29,924
INV000785,2026-02-23,29SHELL000081Z8,27AABC000051Z5,705835.41,18,136006.28,118
INV000786,2026-03-12,27AABC005541Z4,27AABC001641Z4,16116.08,12,0.0,3678
INV000787,2026-01-15,27AABC004681Z8,27AABC002561Z6,28158.39,18,5148.8,1346
INV000788,2025-05-21,29SHELL000321Z2,29SHELL000331Z3,537112.69,28,150391.55,139
INV000789,2025-11-30,27AABC005201Z0,27AABC004501Z0,11834.03,28,3387.75,1922
INV000790,2025-06-05,27AABC004931Z3,27AABC001851Z5,12827.61,12,1510.45,520
INV000791,2025-11-23,27AABC002571Z7,27AABC000331Z3,1128.26,18,204.51,2336
INV000792,2026-01-01,27AABC002591Z9,27AABC000941Z4,13532.1,12,1636.49,3771
INV000793,2025-12-02,27AABC000111Z1,27AABC002341Z4,977.95,18,176.03,1208
INV000794,2025-09-06,27AABC004391Z9,27AABC000871Z7,1051.75,18,191.19,2091
INV000795,2025-05-27,27AABC003121Z2,27AABC005381Z8,12494.27,18,2308.42,1691
INV000796,2025-08-22,27AABC000591Z9,27AABC000411Z1,998.57,5,50.17,1630
INV000797,2025-10-29,27AABC005051Z5,27AABC002361Z6,27614.96,12,3306.87,2298
INV000798,2025-08-01,27AABC004681Z8,27AABC003951Z5,29490.55,18,5390.43,1346
INV000799,2025-06-22,27AABC001401Z0,27AABC002271Z7,2755.1,28,0.0,1015
INV000800,2025-11-25,27AABC003801Z0,27AABC001521Z2,1270.07,18,226.4,2253
INV000801,2026-02-12,27AABC003591Z9,27AABC000251Z5,143799.11,18,26252.86,3258
INV000802,2025-04-14,27AABC003881Z8,27AABC001981Z8,1595.83,12,196.28,3216
INV000803,2025-09-29,27AABC005751Z5,27AABC004051Z5,14253.31,18,2609.53,1279
INV000804,2025-07-09,27AABC005891Z9,27AABC003411Z1,3573.06,28,989.55,2161
INV000805,2025-11-03,27AABC005721Z2,27AABC005261Z6,4266.89,12,503.1,2706
INV000806,2025-09-13,27AABC000541Z4,27AABC000591Z9,11751.97,18,2073.93,3509
INV000807,2025-08-03,27AABC005801Z0,27AABC003101Z0,3130.99,18,0.0,515
INV000808,2025-10-16,27AABC005141Z4,27AABC003671Z7,4669.79,18,854.27,1225
INV000809,2026-03-11,27AABC000721Z2,27AABC002791Z9,13771.2,12,1700.2,2201
INV000810,2025-04-07,27AABC004381Z8,27AABC003291Z9,9003.66,18,0.0,3489
INV000811,2025-09-19,27AABC002491Z9,27AABC003851Z5,26752.69,18,4707.69,2456
INV000812,2026-03-10,27AABC001681Z8,27AABC001191Z9,6134.35,18,3710.86,3819
INV000813,2026-02-11,27AABC001741Z4,27AABC005681Z8,3057.18,18,534.64,2351
INV000814,2025-12-21,27AABC004071Z7,27AABC000981Z8,1041.3,18,191.89,411
INV000815,2026-02-06,27AABC005091Z9,27AABC001631Z3,8083.48,12,982.75,1340
INV000816,2026-03-20,27AABC002091Z9,27AABC000181Z8,6035.54,12,714.39,3030
INV000817,2025-09-04,27AABC005431Z3,27AABC002661Z6,1409.97,18,255.72,1262
INV000818,2026-02-20,27AABC000191Z9,27AABC004001Z0,337.53,18,0.0,2023
INV000819,2025-12-09,27AABC005241Z4,27AABC005801Z0,3036.31,5,153.08,3430
INV000820,2025-08-28,29SHELL000241Z4,29SHELL000201Z0,242861.83,12,29143.42,148
INV000821,2025-08-05,27AABC000541Z4,27AABC000551Z5,1937.45,18,356.92,3509
INV000822,2025-06-24,27AABC004931Z3,27AABC001311Z1,30141.92,18,5310.37,520
INV000823,2025-06-02,27AABC004451Z5,27AABC002871Z7,20868.86,5,1030.85,2140
INV000824,2026-03-16,27AABC002901Z0,27AABC000271Z7,17148.79,12,2039.45,3893
INV000825,2026-02-27,27AABC005291Z9,27AABC005381Z8,13208.56,18,2399.92,3756
INV000826,2025-06-05,27AABC002991Z9,27AABC002441Z4,5983.73,18,1089.5,926
INV000827,2025-08-30,27AABC004311Z1,27AABC001481Z8,2779.74,5,137.06,856
INV000828,2025-08-06,27AABC003061Z6,27AABC002611Z1,1941.3,18,355.81,2962
INV000829,2026-02-27,27AABC001891Z9,27AABC005781Z8,4237.7,18,778.48,1413
INV000830,2025-11-23,27AABC003521Z2,27AABC000461Z6,4724.18,5,231.39,1168
INV000831,2025-05-13,27AABC004911Z1,27AABC002701Z0,7575.33,12,932.82,1653
INV000832,2025-05-09,27AABC003511Z1,27AABC004851Z5,32040.88,18,0.0,816
INV000833,2026-03-02,27AABC001321Z2,27AABC004281Z8,7633.3,18,1384.78,3136
INV000834,2025-04-02,29SHELL000361Z6,29SHELL000371Z7,822385.01,28,230267.8,105
INV000835,2026-01-02,27AABC002541Z4,27AABC001631Z3,11524.09,28,0.0,1361
INV000836,2025-06-27,27AABC004641Z4,27AABC000911Z1,5140.22,18,909.13,1710
INV000837,2025-04-19,29SHELL000161Z6,29SHELL000171Z7,342409.71,12,41089.17,36
INV000838,2026-03-29,27AABC004081Z8,27AABC001771Z7,4644.78,18,832.44,3608
INV000839,2025-12-15,27AABC001021Z2,27AABC002771Z7,10044.43,18,1760.91,1144
INV000840,2025-04-21,27AABC002771Z7,27AABC003941Z4,8550.18,5,422.23,1205
INV000841,2025-04-28,29SHELL000361Z6,27AABC000031Z3,903931.74,18,214977.98,105
INV000842,2026-02-02,27AABC003841Z4,27AABC000281Z8,93853.77,18,16735.99,1784
INV000843,2026-03-24,27AABC002981Z8,27AABC000041Z4,1544.04,18,275.84,3851
INV000844,2025-07-17,27AABC001411Z1,27AABC004631Z3,4541.32,18,1635.6,841
INV000845,2025-08-06,27AABC005391Z9,27AABC003661Z6,5383.49,18,958.43,2576
INV000846,2025-08-31,27AABC001641Z4,27AABC004281Z8,2354.65,28,639.66,3572
INV000847,2025-09-11,27AABC002091Z9,27AABC004741Z4,70631.55,12,8641.22,3030
INV000848,2025-07-01,27AABC005031Z3,27AABC004901Z0,9415.94,12,1137.69,1639
INV000849,2025-08-21,27AABC000101Z0,27AABC000081Z8,10523.59,5,519.71,3872
INV000850,2025-11-13,27AABC003241Z4,27AABC004631Z3,879.24,28,240.88,1059
INV000851,2025-06-09,27AABC001481Z8,27AABC000121Z2,7047.58,28,1976.99,1417
INV000852,2025-05-24,27AABC000321Z2,27AABC004451Z5,4549.68,12,555.18,1920
INV000853,2025-09-07,27AABC000971Z7,27AABC003551Z5,9738.18,28,2793.81,1439
INV000854,2025-11-22,27AABC003231Z3,27AABC001471Z7,3939.01,18,696.81,3905
INV000855,2025-12-29,27AABC000741Z4,27AABC003261Z6,6990.32,18,1244.73,3108
INV000856,2026-02-08,27AABC001551Z5,27AABC005181Z8,4999.46,28,1426.48,2873
INV000857,2025-05-02,27AABC002271Z7,27AABC003701Z0,2000.0,12,233.73,2705
INV000858,2025-07-09,27AABC000751Z5,27AABC004991Z9,58635.61,5,2980.22,2216
INV000859,2025-10-20,27AABC005981Z8,27AABC000761Z6,174.57,5,8.86,2842
INV000860,2025-12-21,27AABC003431Z3,27AABC001791Z9,177911.21,12,20799.92,1810
INV000861,2025-05-06,27AABC000821Z2,27AABC004531Z3,18072.79,28,5068.05,1580
INV000862,2025-11-22,27AABC005471Z7,27AABC005831Z3,4342.18,5,211.95,3747
INV000863,2026-01-28,27AABC003241Z4,27AABC001921Z2,60983.02,5,2958.33,1059
INV000864,2025-07-26,27AABC001181Z8,27AABC004931Z3,5029.52,5,256.45,2766
INV000865,2025-12-31,27AABC001721Z2,27AABC000171Z7,4572.48,12,556.1,3262
INV000866,2025-05-27,27AABC003231Z3,27AABC003221Z2,491.92,28,137.74,3905
INV000867,2025-12-15,27AABC001241Z4,27AABC000131Z3,25000.0,12,3046.8,993
INV000868,2025-09-26,27AABC000691Z9,27AABC004411Z1,3926.18,28,1092.05,2399
INV000869,2025-04-03,27AABC002061Z6,27AABC002421Z2,661.28,12,81.27,3144
INV000870,2026-01-07,27AABC000021Z2,27AABC001261Z6,2530.56,18,0.0,1844
INV000871,2025-12-08,29SHELL000011Z1,29SHELL000021Z2,580946.12,18,104570.3,32
INV000872,2025-07-07,27AABC002221Z2,27AABC003571Z7,448.69,18,82.92,3010
INV000873,2025-04-29,27AABC001951Z5,27AABC001571Z7,3880.96,12,456.05,1420
INV000874,2025-07-03,27AABC004911Z1,27AABC004701Z0,5053.25,18,934.4,1653
INV000875,2026-03-21,27AABC005461Z6,27AABC000861Z6,31136.53,18,5489.09,2960
INV000876,2025-09-23,27AABC002351Z5,27AABC004101Z0,2000.0,28,569.92,3131
INV000877,2026-02-23,27AABC001591Z9,27AABC001131Z3,6860.4,12,839.95,1846
INV000878,2025-06-09,27AABC002441Z4,27AABC004901Z0,7344.92,28,2012.13,550
INV000879,2026-03-27,27AABC005381Z8,27AABC004361Z6,598.26,18,0.0,3712
INV000880,2025-04-14,27AABC003691Z9,27AABC003791Z9,22915.66,5,1170.42,424
INV000881,2026-02-06,27AABC003021Z2,27AABC003341Z4,5388.09,28,0.0,1423
INV000882,2026-03-28,27AABC004211Z1,27AABC001131Z3,5224.79,28,1463.1,2195
INV000883,2025-11-28,27AABC000111Z1,27AABC004721Z2,414.07,18,74.44,1208
INV000884,2025-10-30,27AABC003301Z0,27AABC002141Z4,8848.09,12,1051.49,1187
INV000885,2025-07-30,27AABC002271Z7,27AABC002201Z0,11299.23,18,1984.94,2705
INV000886,2025-08-27,27AABC004871Z7,27AABC003461Z6,1860.94,12,219.08,2152
INV000887,2025-08-01,27AABC000141Z4,27AABC001351Z5,2496.98,12,298.85,1767
INV000888,2025-08-03,27AABC004641Z4,27AABC002211Z1,58391.07,18,0.0,1710
INV000889,2025-08-04,27AABC000151Z5,27AABC001341Z4,10174.76,18,1881.69,1349
INV000890,2026-01-11,27AABC000071Z7,27AABC002961Z6,11999.64,18,2169.16,3421
INV000891,2025-10-16,27AABC004061Z6,27AABC000481Z8,99.62,12,11.94,776
INV000892,2026-02-27,27AABC005611Z1,27AABC004481Z8,2272.79,18,0.0,1432
INV000893,2025-07-22,27AABC000131Z3,27AABC000471Z7,4584.56,5,222.87,3106
INV000894,2025-10-12,27AABC004241Z4,27AABC005801Z0,4635.28,18,848.59,971
INV000895,2025-11-06,27AABC002411Z1,27AABC002521Z2,4173.66,12,515.29,2585
INV000896,2025-12-10,29SHELL000301Z0,29SHELL000311Z1,744741.58,28,208527.64,120
INV000897,2025-04-01,27AABC005111Z1,27AABC001241Z4,3776.46,28,1071.63,3468
INV000898,2026-03-21,27AABC001561Z6,27AABC004241Z4,19600.96,18,3523.65,1886
INV000899,2025-09-06,27AABC001021Z2,27AABC000061Z6,19621.42,18,3631.15,1144
INV000900,2025-06-22,27AABC001051Z5,27AABC001811Z1,25000.0,18,4614.97,2603
INV000901,2025-08-09,27AABC005291Z9,27AABC003781Z8,4875.57,18,877.6,3756
INV000902,2025-12-31,27AABC004421Z2,27AABC001951Z5,2064.54,12,248.94,3537
INV000903,2025-11-25,27AABC003621Z2,27AABC004481Z8,1201.13,28,337.91,1013
INV000904,2025-04-13,27AABC002571Z7,27AABC000161Z6,846.21,5,41.81,2336
INV000905,2026-01-28,27AABC004711Z1,27AABC005811Z1,35243.42,18,6339.65,1483
INV000906,2025-06-17,27AABC004391Z9,27AABC000801Z0,4433.5,18,779.08,2091
INV000907,2025-11-22,27AABC002281Z8,27AABC000661Z6,861.53,18,158.04,941
INV000908,2025-12-11,27AABC003191Z9,27AABC001891Z9,22313.5,12,2749.66,2693
INV000909,2025-07-16,27AABC000561Z6,27AABC001941Z4,16299.29,12,1904.97,855
INV000910,2026-03-19,27AABC001141Z4,27AABC000741Z4,6651.98,18,1173.38,3538
INV000911,2025-09-16,27AABC005991Z9,27AABC001541Z4,3485.7,18,629.7,3701
INV000912,2025-09-02,27AABC004051Z5,27AABC002481Z8,11753.14,18,2061.22,3027
INV000913,2026-02-22,27AABC004781Z8,27AABC004511Z1,4684.45,5,238.86,435
INV000914,2025-12-28,27AABC004281Z8,27AABC001851Z5,2691.98,28,771.0,1363
INV000915,2025-07-04,27AABC001511Z1,27AABC000671Z7,2643.3,18,486.64,2772
INV000916,2025-09-30,27AABC004311Z1,27AABC004751Z5,122820.19,12,14715.97,856
INV000917,2025-10-13,27AABC002741Z4,27AABC001341Z4,42426.15,18,7783.6,536
INV000918,2025-04-19,27AABC005421Z2,27AABC000281Z8,4086.06,18,1680.18,3776
INV000919,2026-03-17,27AABC002241Z4,27AABC000971Z7,8772.72,12,1067.41,2927
INV000920,2025-06-16,27AABC001151Z5,27AABC000311Z1,73712.55,12,9078.62,2465
INV000921,2025-06-06,27AABC002521Z2,27AABC002051Z5,4929.84,18,889.89,1073
INV000922,2025-07-06,27AABC000191Z9,27AABC004621Z2,15951.34,28,0.0,2023
INV000923,2025-11-11,27AABC000171Z7,27AABC005261Z6,1192.81,12,254.75,1911
INV000924,2025-12-10,27AABC000621Z2,27AABC002621Z2,7839.15,18,1428.46,2935
INV000925,2025-09-05,27AABC004241Z4,27AABC001971Z7,9300.94,18,0.0,971
INV000926,2026-01-09,27AABC003441Z4,27AABC004281Z8,3368.03,5,165.41,1187
INV000927,2025-12-12,27AABC001391Z9,27AABC005281Z8,1018.64,12,119.55,2187
INV000928,2026-02-05,27AABC003901Z0,27AABC004451Z5,4173.96,5,0.0,3451
INV000929,2026-01-11,27AABC001191Z9,27AABC000981Z8,22337.12,5,1099.62,3147
INV000930,2026-03-01,27AABC005901Z0,27AABC001791Z9,2503.57,18,440.61,2340
INV000931,2025-07-20,27AABC004731Z3,27AABC002301Z0,4636.74,12,557.37,579
INV000932,2025-06-14,27AABC003311Z1,27AABC005601Z0,8459.4,12,1036.78,3505
INV000933,2026-01-29,27AABC005491Z9,27AABC003711Z1,3932.04,18,688.18,1786
INV000934,2025-07-16,27AABC000241Z4,27AABC002981Z8,8131.8,12,949.49,1081
INV000935,2025-06-26,27AABC000501Z0,27AABC004731Z3,479442.58,28,134243.92,567
INV000936,2026-02-09,27AABC003381Z8,27AABC004551Z5,82295.14,18,0.0,1001
INV000937,2026-01-05,27AABC001201Z0,27AABC004141Z4,13219.03,18,2334.87,857
INV000938,2025-10-14,27AABC001231Z3,27AABC004801Z0,6334.22,18,1163.99,1559
INV000939,2026-03-05,27AABC002281Z8,27AABC003491Z9,16209.94,18,0.0,941
INV000940,2025-09-20,27AABC001581Z8,27AABC003931Z3,23486.02,5,0.0,996
INV000941,2025-10-20,27AABC004331Z3,27AABC002581Z8,10327.5,12,1258.45,2693
INV000942,2025-06-25,29SHELL000041Z4,29SHELL000001Z0,438536.57,18,78936.58,87
INV000943,2025-07-23,27AABC001971Z7,27AABC004211Z1,1639.17,5,83.76,3017
INV000944,2025-09-10,27AABC004871Z7,27AABC001021Z2,6052.78,18,1118.75,2152
INV000945,2025-09-27,27AABC000101Z0,27AABC003761Z6,6600.81,12,806.65,3872
INV000946,2025-11-22,27AABC000791Z9,27AABC005931Z3,2339.79,12,283.28,1904
INV000947,2025-10-08,27AABC002811Z1,27AABC000921Z2,8824.27,18,1599.77,2171
INV000948,2025-09-20,27AABC004771Z7,27AABC001071Z7,19733.94,28,5552.44,573
INV000949,2025-04-22,27AABC004041Z4,27AABC001241Z4,9460.2,5,477.99,2900
INV000950,2025-04-08,29SHELL000051Z5,27AABC000041Z4,441222.7,28,131250.69,167
INV000951,2025-08-30,27AABC002351Z5,27AABC002631Z3,14685.7,12,1775.46,3131
INV000952,2026-02-19,27AABC003871Z7,27AABC005291Z9,41060.72,28,0.0,2515
INV000953,2025-12-05,27AABC005101Z0,27AABC003321Z2,57850.49,18,10197.14,1122
INV000954,2026-01-20,29SHELL000251Z5,29SHELL000261Z6,853613.91,18,153650.5,165
INV000955,2026-02-22,29SHELL000241Z4,29SHELL000201Z0,341931.06,28,95740.7,148
INV000956,2026-02-18,27AABC002951Z5,27AABC001411Z1,22933.03,12,5591.96,1159
INV000957,2026-03-20,27AABC005241Z4,27AABC002751Z5,316.52,18,58.43,3430
INV000958,2026-01-21,27AABC000781Z8,27AABC002571Z7,7349.37,5,359.67,2427
INV000959,2025-04-02,27AABC004221Z2,27AABC000631Z3,2425.82,28,699.42,940
INV000960,2025-06-10,27AABC005791Z9,27AABC005581Z8,57344.36,12,7083.06,3587
INV000961,2025-11-17,27AABC004431Z3,27AABC005651Z5,12339.29,18,2238.15,3349
INV000962,2026-03-18,27AABC001101Z0,27AABC004641Z4,4790.68,18,851.01,414
INV000963,2025-07-01,27AABC003711Z1,27AABC003721Z2,1236.18,5,60.79,1867
INV000964,2025-12-28,27AABC000871Z7,27AABC004291Z9,1013.22,18,181.32,666
INV000965,2025-11-24,27AABC005741Z4,27AABC004021Z2,21978.15,12,2670.39,2595
INV000966,2025-04-26,27AABC003321Z2,27AABC003251Z5,25000.0,18,4487.86,3697
INV000967,2025-09-18,27AABC000431Z3,27AABC004751Z5,8367.01,28,2346.77,3802
INV000968,2025-06-27,27AABC005471Z7,27AABC000081Z8,13024.92,5,645.41,3747
INV000969,2025-08-26,27AABC001711Z1,27AABC005521Z2,5446.63,18,976.3,2209
INV000970,2025-10-18,27AABC004441Z4,27AABC001871Z7,28202.78,18,5022.34,513
INV000971,2025-12-09,27AABC002261Z6,27AABC000281Z8,5965.58,12,710.63,1229
INV000972,2026-03-24,27AABC000001Z0,27AABC002991Z9,80.31,12,9.82,2219
INV000973,2026-03-24,27AABC005271Z7,27AABC005941Z4,9480.71,28,0.0,1043
INV000974,2025-12-24,27AABC004441Z4,27AABC002081Z8,24004.81,18,4370.23,513
INV000975,2025-06-14,29SHELL000101Z0,29SHELL000111Z1,437529.95,18,78755.39,51
INV000976,2025-09-03,27AABC003871Z7,27AABC002141Z4,1173.01,28,335.85,2515
INV000977,2025-04-21,27AABC002731Z3,27AABC000051Z5,36200.64,28,9995.73,435
INV000978,2025-11-09,27AABC002051Z5,27AABC003831Z3,3529.42,12,0.0,3890
INV000979,2025-08-09,27AABC002151Z5,27AABC004351Z5,8272.34,5,0.0,3181
INV000980,2025-10-09,27AABC003541Z4,27AABC003801Z0,477054.08,18,85869.73,1882
INV000981,2026-03-15,27AABC005311Z1,27AABC002021Z2,2184.49,18,402.46,2733
INV000982,2025-08-10,27AABC005701Z0,27AABC004331Z3,7434.55,5,367.7,734
INV000983,2025-09-14,27AABC005581Z8,27AABC004001Z0,20226.44,28,19768.08,1476
INV000984,2025-09-28,27AABC002751Z5,27AABC002791Z9,31772.29,18,5720.15,3453
INV000985,2025-09-17,27AABC004341Z4,27AABC003341Z4,4905.27,18,865.96,2745
INV000986,2025-12-31,27AABC004621Z2,27AABC001431Z3,94242.56,28,26101.31,1584
INV000987,2025-06-06,27AABC004031Z3,27AABC001651Z5,11474.82,28,3155.91,2177
INV000988,2025-10-03,27AABC000031Z3,27AABC002231Z3,783.02,5,38.44,557
INV000989,2025-07-04,27AABC003341Z4,27AABC000861Z6,2907.53,12,357.49,1422
INV000990,2026-01-14,27AABC002781Z8,27AABC003871Z7,10694.05,18,1953.74,3941
INV000991,2025-09-07,27AABC003451Z5,27AABC003791Z9,85639.09,12,10443.7,693
INV000992,2025-12-02,27AABC000921Z2,27AABC004561Z6,10925.13,12,1298.13,1567
INV000993,2025-09-06,27AABC005601Z0,27AABC003891Z9,26509.72,18,0.0,1813
INV000994,2025-11-07,27AABC000541Z4,27AABC002291Z9,26713.42,5,1352.88,3509
INV000995,2026-03-08,27AABC000431Z3,27AABC004381Z8,14630.54,5,718.44,3802
INV000996,2025-07-21,27AABC004051Z5,27AABC000281Z8,13131.1,18,2339.88,3027
INV000997,2026-01-06,27AABC003971Z7,27AABC004061Z6,610.18,18,0.0,576
INV000998,2025-12-22,27AABC001631Z3,27AABC002281Z8,8041.95,18,1448.47,2150
INV000999,2025-07-07,27AABC002201Z0,27AABC003101Z0,35508.01,12,4367.78,1721
INV001000,2025-06-17,27AABC004731Z3,27AABC005521Z2,19239.56,18,3398.3,579
INV001001,2026-01-25,27AABC005621Z2,27AABC003581Z8,16967.53,5,869.61,3196
INV001002,2025-07-07,29SHELL000111Z1,27AABC000041Z4,701804.13,28,264838.08,140
INV001003,2025-07-11,27AABC002371Z7,27AABC003091Z9,65379.85,18,11627.22,1949
INV001004,2025-05-09,27AABC005431Z3,27AABC005081Z8,95828.5,28,27237.82,1262
INV001005,2025-09-11,27AABC000911Z1,27AABC003811Z1,10253.8,28,7046.19,698
INV001006,2026-02-20,27AABC001581Z8,27AABC005621Z2,5910.0,28,1635.82,996
INV001007,2025-08-27,27AABC004581Z8,27AABC003531Z3,3277.06,12,382.97,3730
INV001008,2026-01-07,27AABC001071Z7,27AABC001051Z5,1938.93,12,236.62,945
INV001009,2025-12-12,27AABC003681Z8,27AABC003341Z4,8123.08,18,1430.13,2573
INV001010,2025-07-14,29SHELL000141Z4,29SHELL000101Z0,695012.32,18,125102.22,47
INV001011,2026-02-19,27AABC003591Z9,27AABC002881Z8,2625.39,12,307.4,3258
INV001012,2025-11-20,27AABC001851Z5,27AABC001011Z1,12928.34,18,2268.6,2769
INV001013,2025-12-26,27AABC003331Z3,27AABC000891Z9,2365.64,12,292.31,1589
INV001014,2026-02-21,27AABC004631Z3,27AABC003371Z7,6933.9,12,812.03,3677
INV001015,2026-02-14,27AABC001571Z7,27AABC003131Z3,14801.97,5,758.41,2647
INV001016,2026-03-23,27AABC005561Z6,27AABC000951Z5,17638.66,18,3183.09,855
INV001017,2025-04-03,27AABC002731Z3,27AABC001671Z7,4242.67,5,214.53,435
INV001018,2026-01-05,27AABC000121Z2,27AABC002191Z9,33264.36,28,9375.85,3447
INV001019,2025-08-19,27AABC003191Z9,27AABC001061Z6,3186.67,12,381.93,2693
INV001020,2026-03-20,27AABC002261Z6,27AABC005121Z2,15484.0,28,4268.01,1229
INV001021,2025-07-22,27AABC004331Z3,27AABC002581Z8,39739.26,18,7126.72,2693
INV001022,2025-09-05,27AABC000801Z0,27AABC004401Z0,21917.11,18,3880.87,1361
INV001023,2025-08-16,27AABC004471Z7,27AABC001471Z7,47775.08,18,8599.51,3109
INV001024,2025-12-02,27AABC001881Z8,27AABC003781Z8,492167.81,28,137806.99,2936
INV001025,2025-05-08,27AABC003221Z2,27AABC001821Z2,2322.19,12,283.62,1645
INV001026,2026-03-18,27AABC002901Z0,27AABC002461Z6,5991.81,12,725.26,3893
INV001027,2026-03-04,27AABC004711Z1,27AABC000171Z7,727.43,18,132.69,1483
INV001028,2025-07-21,27AABC003101Z0,27AABC005251Z5,15981.76,28,4459.88,2544
INV001029,2026-01-14,27AABC005231Z3,27AABC002531Z3,13736.16,18,2421.42,2995
INV001030,2025-10-18,27AABC000841Z4,27AABC004311Z1,4127.69,18,733.75,2908
INV001031,2025-11-30,27AABC000441Z4,27AABC005001Z0,1149.59,18,212.01,3963
INV001032,2025-04-21,27AABC001681Z8,27AABC001551Z5,8087.42,18,3011.35,3819
INV001033,2025-05-20,29SHELL000051Z5,27AABC000021Z2,194928.54,12,24849.73,167
INV001034,2025-11-12,27AABC000371Z7,27AABC000481Z8,7638.66,18,0.0,3417
INV001035,2025-04-09,27AABC002731Z3,27AABC005061Z6,5530.88,28,1532.52,435
INV001036,2025-05-09,27AABC004301Z0,27AABC004781Z8,95.1,28,26.63,1300
INV001037,2025-06-17,27AABC005171Z7,27AABC000291Z9,7276.79,12,850.11,2404
INV001038,2025-06-02,27AABC005771Z7,27AABC000431Z3,6832.33,18,1225.78,2939
INV001039,2025-05-25,27AABC003911Z1,27AABC003731Z3,4190.29,18,753.44,3922
INV001040,2025-07-11,29SHELL000291Z9,27AABC000051Z5,726365.63,12,93976.98,27
INV001041,2025-10-20,27AABC002571Z7,27AABC004661Z6,6193.35,12,736.93,2336
INV001042,2025-06-17,27AABC001121Z2,27AABC004341Z4,10000.0,28,2855.3,1752
INV001043,2026-02-15,27AABC005831Z3,27AABC002681Z8,98056.78,18,17650.22,532
INV001044,2026-03-01,27AABC004961Z6,27AABC001561Z6,118499.01,18,20817.48,470
INV001045,2025-09-07,27AABC004191Z9,27AABC004071Z7,3803.94,5,193.66,2005
INV001046,2025-06-09,27AABC002811Z1,27AABC001261Z6,5686.0,28,1544.33,2171
INV001047,2025-11-03,27AABC003421Z2,27AABC001031Z3,981.12,12,121.0,3702
INV001048,2026-01-11,27AABC003851Z5,27AABC000161Z6,29806.69,18,5462.11,3762
INV001049,2025-10-06,27AABC003501Z0,27AABC000651Z5,17983.58,18,3177.85,1533
INV001050,2026-03-19,27AABC005291Z9,27AABC001671Z7,1725.58,18,312.87,3756
INV001051,2025-11-03,27AABC005681Z8,27AABC002351Z5,3401.94,5,174.77,726
INV001052,2025-08-05,27AABC005861Z6,27AABC002071Z7,16519.29,5,842.44,3534
INV001053,2025-11-26,27AABC001071Z7,27AABC003771Z7,11492.72,5,567.45,945
INV001054,2026-02-05,27AABC005941Z4,27AABC001041Z4,37302.66,28,10320.63,1663
INV001055,2025-11-19,27AABC002781Z8,27AABC004521Z2,12672.56,18,2238.89,3941
INV001056,2025-08-14,27AABC004181Z8,27AABC005861Z6,5000.0,18,891.15,3128
INV001057,2025-08-13,27AABC005401Z0,27AABC000681Z8,28507.72,18,5214.74,1454
INV001058,2026-02-26,27AABC000881Z8,27AABC000101Z0,30093.7,18,5496.78,2811
INV001059,2025-07-31,27AABC005071Z7,27AABC001991Z9,4257.18,18,783.38,2226
INV001060,2025-10-06,27AABC003591Z9,27AABC004751Z5,53641.29,5,2740.81,3258
INV001061,2026-02-24,27AABC002371Z7,27AABC000201Z0,802.35,18,141.93,1949
INV001062,2025-11-10,27AABC005931Z3,27AABC005871Z7,4576.44,18,0.0,1629
INV001063,2026-02-03,27AABC005111Z1,27AABC002081Z8,62640.72,28,17510.61,3468
INV001064,2025-08-12,27AABC000231Z3,27AABC005961Z6,1661.84,18,0.0,3610
INV001065,2025-11-18,27AABC002101Z0,27AABC005671Z7,7052.21,12,849.71,1723
INV001066,2025-11-02,27AABC002321Z2,27AABC000291Z9,98858.41,18,17794.51,2421
INV001067,2025-06-25,27AABC005951Z5,27AABC004811Z1,2541.33,18,0.0,1853
INV001068,2025-10-30,27AABC002491Z9,27AABC002741Z4,2774.26,5,139.51,2456
INV001069,2025-10-14,27AABC004561Z6,27AABC001991Z9,147.48,12,0.0,1470
INV001070,2026-03-05,27AABC003451Z5,27AABC002211Z1,5815.95,18,1019.24,693
INV001071,2025-07-17,27AABC002911Z1,27AABC004301Z0,18613.71,12,2211.3,2596
INV001072,2025-09-17,27AABC001821Z2,27AABC001031Z3,8243.35,28,2335.17,3419
INV001073,2025-04-30,27AABC000441Z4,27AABC002571Z7,2875.19,28,0.0,3963
INV001074,2025-07-30,29SHELL000111Z1,27AABC000001Z0,1092995.62,12,175787.97,140
INV001075,2026-01-20,27AABC000071Z7,27AABC000641Z4,13517.59,12,1624.13,3421
INV001076,2025-05-10,27AABC005021Z2,27AABC003991Z9,6212.62,18,1135.6,649
INV001077,2026-02-13,27AABC000301Z0,27AABC004921Z2,486.62,5,24.46,2044
INV001078,2025-06-13,29SHELL000001Z0,29SHELL000011Z1,364880.55,28,102166.55,54
INV001079,2026-01-26,27AABC004481Z8,27AABC003531Z3,28328.51,28,8028.88,3618
INV001080,2025-09-11,27AABC003411Z1,27AABC004981Z8,9272.44,28,2540.19,1961
INV001081,2025-12-12,27AABC002531Z3,27AABC001041Z4,89333.13,5,0.0,3689
INV001082,2025-05-25,27AABC000731Z3,27AABC002061Z6,5060.81,5,247.94,1629
INV001083,2026-03-10,27AABC003811Z1,27AABC004811Z1,4228.65,12,514.64,1588
INV001084,2025-04-25,29SHELL000171Z7,29SHELL000181Z8,332362.18,28,93061.41,125
INV001085,2025-10-01,27AABC001921Z2,27AABC005091Z9,41110.85,12,4970.04,1376
INV001086,2026-01-14,27AABC003371Z7,27AABC000541Z4,34559.56,5,1719.93,1125
INV001087,2025-08-17,27AABC000021Z2,27AABC002361Z6,98.73,12,11.87,1844
INV001088,2026-01-31,27AABC002001Z0,27AABC003621Z2,8476.36,28,2392.4,3818
INV001089,2026-03-17,27AABC003731Z3,27AABC002411Z1,18643.83,28,5204.38,817
INV001090,2026-02-04,29SHELL000141Z4,29SHELL000101Z0,806204.45,28,225737.25,47
INV001091,2026-01-21,27AABC004241Z4,27AABC000771Z7,14607.51,18,2641.37,971
INV001092,2025-07-18,27AABC001211Z1,27AABC001301Z0,494422.43,12,59330.69,3502
INV001093,2025-11-24,27AABC002081Z8,27AABC002191Z9,21999.06,18,3996.26,2450
INV001094,2025-05-12,27AABC002541Z4,27AABC005201Z0,12943.13,5,660.04,1361
INV001095,2026-01-07,29SHELL000151Z5,29SHELL000161Z6,175149.95,18,31526.99,98
INV001096,2025-05-14,27AABC004461Z6,27AABC001231Z3,30208.84,28,8296.44,1687
INV001097,2025-09-22,27AABC000531Z3,27AABC004831Z3,13387.53,28,0.0,826
INV001098,2025-12-17,29SHELL000351Z5,27AABC000051Z5,337101.6,12,55161.27,111
INV001099,2025-06-01,27AABC004861Z6,27AABC003501Z0,15703.14,18,2894.23,2270
INV001100,2026-02-21,27AABC002361Z6,27AABC001691Z9,2675.92,18,467.53,2330
INV001101,2025-11-15,27AABC002561Z6,27AABC005131Z3,3708.39,5,183.58,716
INV001102,2025-08-25,27AABC002801Z0,27AABC001891Z9,2415.44,18,441.83,760
INV001103,2025-10-30,27AABC004201Z0,27AABC003861Z6,11785.15,18,2111.78,652
INV001104,2026-03-18,27AABC001011Z1,27AABC004321Z2,5115.29,18,919.05,1553
INV001105,2026-03-20,27AABC002001Z0,27AABC000271Z7,19737.09,28,5536.58,3818
INV001106,2025-10-01,27AABC002831Z3,27AABC005231Z3,10348.49,18,1848.37,2701
INV001107,2026-02-16,27AABC004041Z4,27AABC002721Z2,1000.0,5,49.03,2900
INV001108,2025-04-21,27AABC003501Z0,27AABC005111Z1,7249.95,5,361.41,1533
INV001109,2025-09-12,27AABC003391Z9,27AABC000121Z2,5000.0,28,0.0,1029
INV001110,2026-02-28,27AABC005991Z9,27AABC000861Z6,9972.83,28,0.0,3701
INV001111,2025-08-14,27AABC003991Z9,27AABC001721Z2,14387.49,18,2527.68,3434
INV001112,2025-05-13,27AABC005421Z2,27AABC001581Z8,5863.38,12,695.52,3776
INV001113,2025-04-06,29SHELL000001Z0,29SHELL000011Z1,510952.87,12,61314.34,54
INV001114,2026-02-11,27AABC005751Z5,27AABC004271Z7,10683.7,5,544.7,1279
INV001115,2025-07-12,27AABC005841Z4,27AABC004351Z5,98642.21,12,11843.86,2243
INV001116,2026-01-27,27AABC005891Z9,27AABC002661Z6,6947.37,12,840.72,2161
INV001117,2025-05-16,27AABC005071Z7,27AABC001781Z8,1000.0,18,181.63,2226
INV001118,2026-03-13,27AABC001341Z4,27AABC001151Z5,52934.48,28,14659.7,3282
INV001119,2026-03-22,27AABC005211Z1,27AABC004831Z3,22264.59,5,1087.24,2561
INV001120,2025-09-22,27AABC005151Z5,27AABC002291Z9,23077.86,28,6614.78,1133
INV001121,2026-03-17,27AABC005721Z2,27AABC005411Z1,10000.0,18,1809.23,2706
INV001122,2025-05-16,27AABC004561Z6,27AABC003351Z5,3837.7,12,457.47,1470
INV001123,2025-04-02,27AABC000141Z4,27AABC005201Z0,17581.95,12,2060.88,1767
INV001124,2025-08-09,27AABC003311Z1,27AABC001911Z1,43417.05,12,5329.24,3505
INV001125,2025-10-11,27AABC001861Z6,27AABC001071Z7,17111.57,18,9515.38,2697
INV001126,2025-12-24,27AABC000061Z6,27AABC001751Z5,2547.55,5,0.0,1395
INV001127,2026-01-16,27AABC000041Z4,27AABC005911Z1,16123.42,18,2878.99,2477
INV001128,2025-09-16,27AABC004071Z7,27AABC003561Z6,77765.72,18,13589.27,411
INV001129,2026-02-27,27AABC005411Z1,27AABC002431Z3,6278.96,12,765.3,3955
INV001130,2025-04-21,27AABC001921Z2,27AABC002251Z5,12411.31,5,612.94,1376
INV001131,2025-10-16,27AABC000101Z0,27AABC002611Z1,14201.26,5,690.5,3872
INV001132,2025-09-09,29SHELL000301Z0,29SHELL000311Z1,122734.03,12,14728.08,120
INV001133,2025-12-19,27AABC000971Z7,27AABC001991Z9,370380.58,18,68574.98,1439
INV001134,2025-05-21,29SHELL000191Z9,29SHELL000151Z5,153300.07,28,42924.02,125
INV001135,2026-03-18,27AABC003701Z0,27AABC000071Z7,1417.83,18,254.84,1829
INV001136,2025-10-24,27AABC003541Z4,27AABC003871Z7,3490.12,5,173.14,1882
INV001137,2025-04-08,27AABC001771Z7,27AABC000621Z2,8473.24,18,1523.49,2900
INV001138,2025-09-17,27AABC003391Z9,27AABC004941Z4,1202.31,12,142.95,1029
INV001139,2025-07-21,27AABC004831Z3,27AABC003631Z3,25887.03,18,4561.07,3901
INV001140,2025-08-07,27AABC003031Z3,27AABC001371Z7,36851.8,18,6500.18,3295
INV001141,2025-09-15,27AABC003001Z0,27AABC000041Z4,10519.99,18,1946.96,3550
INV001142,2025-06-14,27AABC002871Z7,27AABC002301Z0,27363.25,28,7784.34,858
INV001143,2025-06-28,29SHELL000191Z9,27AABC000011Z1,707163.78,18,151884.08,125
INV001144,2025-09-30,27AABC000501Z0,27AABC004091Z9,15026.79,28,4303.63,567
INV001145,2026-02-06,27AABC000651Z5,27AABC001541Z4,29837.46,12,3516.31,582
INV001146,2026-03-20,27AABC000731Z3,27AABC005931Z3,55086.85,5,2780.09,1629
INV001147,2026-01-19,27AABC001551Z5,27AABC000611Z1,15682.59,18,2856.56,2873
INV001148,2025-09-06,27AABC000821Z2,27AABC002731Z3,10052.26,18,1759.98,1580
INV001149,2025-12-13,27AABC000521Z2,27AABC004801Z0,7213.56,18,1333.11,2490
INV001150,2025-05-11,27AABC003901Z0,27AABC002311Z1,2113.37,12,0.0,3451
INV001151,2026-01-02,29SHELL000091Z9,27AABC000021Z2,659951.47,18,131523.29,156
INV001152,2026-01-25,27AABC004271Z7,27AABC002931Z3,6155.11,18,0.0,3939
INV001153,2025-10-03,27AABC002261Z6,27AABC002291Z9,1652.97,28,470.84,1229
INV001154,2025-10-28,27AABC005801Z0,27AABC005241Z4,5721.08,18,1033.77,515
INV001155,2025-05-07,27AABC003661Z6,27AABC000531Z3,890.62,18,159.8,3984
INV001156,2025-05-31,27AABC001211Z1,27AABC003971Z7,2736.43,18,496.36,3502
INV001157,2025-12-25,27AABC000441Z4,27AABC005851Z5,1531.47,18,0.0,3963
INV001158,2026-02-20,27AABC000391Z9,27AABC005751Z5,121487.36,18,21288.92,2326
INV001159,2026-03-12,27AABC003501Z0,27AABC004781Z8,5544.85,12,683.41,1533
INV001160,2026-01-17,29SHELL000391Z9,29SHELL000351Z5,177323.88,28,49650.69,35
INV001161,2026-03-20,27AABC005291Z9,27AABC001001Z0,49258.05,18,8767.42,3756
INV001162,2026-03-05,27AABC003901Z0,27AABC003931Z3,6201.04,18,1144.05,3451
INV001163,2025-10-21,27AABC001151Z5,27AABC003461Z6,12800.31,18,7400.23,2465
INV001164,2025-04-17,27AABC001371Z7,27AABC005611Z1,8669.6,5,443.04,3380
INV001165,2025-10-27,27AABC003561Z6,27AABC002341Z4,5000.0,12,608.56,3338
INV001166,2025-09-07,27AABC000311Z1,27AABC003281Z8,1921.05,18,353.38,414
INV001167,2025-09-23,27AABC003491Z9,27AABC003411Z1,10744.44,18,1893.47,1567
INV001168,2026-01-12,27AABC003241Z4,27AABC004761Z6,2233.5,28,628.92,1059
INV001169,2025-05-26,27AABC002831Z3,27AABC000891Z9,17598.76,18,0.0,2701
INV001170,2025-10-08,27AABC000651Z5,27AABC001421Z2,7854.81,18,1443.41,582
INV001171,2025-11-06,27AABC003801Z0,27AABC005961Z6,78288.22,18,14411.85,2253
INV001172,2025-06-20,27AABC000411Z1,27AABC004721Z2,4796.22,18,843.0,2147
INV001173,2026-01-16,27AABC001351Z5,27AABC000091Z9,31859.81,28,9188.27,3563
INV001174,2025-12-08,27AABC003041Z4,27AABC000171Z7,5653.45,18,1015.98,585
INV001175,2025-04-10,27AABC003961Z6,27AABC003161Z6,1659.83,18,299.94,3027
INV001176,2025-12-04,27AABC005661Z6,27AABC003991Z9,98.15,28,27.48,2673
INV001177,2025-05-16,27AABC003471Z7,27AABC000851Z5,5119.09,18,893.86,3850
INV001178,2025-11-21,27AABC001001Z0,27AABC000421Z2,11889.43,28,3274.34,1028
INV001179,2025-08-03,27AABC005921Z2,27AABC000611Z1,10873.64,18,1982.89,1973
INV001180,2025-11-27,27AABC004021Z2,27AABC001051Z5,992.18,5,50.84,1652
INV001181,2025-09-17,27AABC000561Z6,27AABC000471Z7,7841.38,18,1387.07,855
INV001182,2025-07-12,27AABC000331Z3,27AABC001581Z8,6397.42,18,1168.15,1512
INV001183,2026-01-13,27AABC002921Z2,27AABC005171Z7,11707.77,28,3296.92,3484
INV001184,2026-01-17,27AABC000671Z7,27AABC005961Z6,4520.97,18,803.73,2023
INV001185,2025-04-26,27AABC001781Z8,27AABC001291Z9,3939.42,28,1074.86,2213
INV001186,2025-08-03,27AABC004421Z2,27AABC001681Z8,20980.33,5,1076.32,3537
INV001187,2025-11-25,27AABC002361Z6,27AABC001891Z9,2000.0,28,567.37,2330
INV001188,2025-08-08,27AABC004001Z0,27AABC004431Z3,1495.66,18,261.85,3041
INV001189,2025-05-11,27AABC003341Z4,27AABC005001Z0,454.96,18,81.65,1422
INV001190,2025-08-15,27AABC003061Z6,27AABC002301Z0,71910.56,18,12596.73,2962
INV001191,2025-05-25,27AABC005501Z0,27AABC005891Z9,2210.74,18,392.68,920
INV001192,2026-03-01,27AABC004991Z9,27AABC005061Z6,1279.54,18,228.77,1558
INV001193,2026-03-26,27AABC004081Z8,27AABC000451Z5,63575.21,12,7631.92,3608
INV001194,2025-10-10,29SHELL000081Z8,29SHELL000091Z9,464975.33,12,55797.04,118
INV001195,2025-04-28,27AABC002691Z9,27AABC003741Z4,1130.94,18,198.14,758
INV001196,2026-01-26,27AABC003641Z4,27AABC000991Z9,33989.91,28,9741.35,3809
INV001197,2025-11-21,27AABC001961Z6,27AABC003071Z7,7001.86,12,844.31,2669
INV001198,2025-10-07,27AABC000421Z2,27AABC004581Z8,17633.97,18,3234.12,3368
INV001199,2025-11-12,27AABC003891Z9,27AABC001541Z4,96525.04,18,17734.12,3436
INV001200,2025-09-30,27AABC002041Z4,27AABC005051Z5,6810.97,18,0.0,3254
INV001201,2025-06-06,27AABC000191Z9,27AABC000841Z4,13715.27,28,3930.87,2023
INV001202,2025-04-12,27AABC004941Z4,27AABC003791Z9,121257.35,12,14258.41,3160
INV001203,2026-03-06,27AABC005561Z6,27AABC004661Z6,23595.67,12,0.0,855
INV001204,2025-08-13,27AABC005611Z1,27AABC002301Z0,38374.82,28,10812.42,1432
INV001205,2026-03-16,27AABC004961Z6,27AABC001321Z2,69341.53,28,19261.0,470
INV001206,2026-02-16,27AABC005081Z8,27AABC001941Z4,81033.54,5,4145.74,1821
INV001207,2026-01-01,27AABC004211Z1,27AABC005391Z9,895.36,12,108.22,2195
INV001208,2025-09-10,27AABC004611Z1,27AABC003431Z3,5499.56,18,1006.77,1252
INV001209,2025-10-16,27AABC002871Z7,27AABC005661Z6,29821.84,12,3588.3,858
INV001210,2026-02-28,27AABC002391Z9,27AABC001451Z5,5422.58,18,953.54,3832
INV001211,2025-09-25,27AABC002591Z9,27AABC003071Z7,4088.57,18,729.13,3771
INV001212,2025-11-13,27AABC001771Z7,27AABC003851Z5,20561.87,18,3740.83,2900
INV001213,2025-10-24,27AABC003301Z0,27AABC005211Z1,3550.01,18,629.94,1187
INV001214,2025-08-12,27AABC002101Z0,27AABC001441Z4,5000.0,28,0.0,1723
INV001215,2025-07-21,27AABC005291Z9,27AABC000481Z8,5785.28,12,711.28,3756
INV001216,2025-04-16,27AABC004631Z3,27AABC004651Z5,121246.27,12,14231.04,3677
INV001217,2025-05-31,27AABC003251Z5,27AABC001051Z5,4468.63,5,224.32,3960
INV001218,2025-07-13,27AABC005971Z7,27AABC000851Z5,486.58,12,57.91,3613
INV001219,2025-04-21,27AABC002401Z0,27AABC002321Z2,30817.16,18,5665.46,2387
INV001220,2025-09-09,27AABC003421Z2,27AABC004061Z6,475583.27,28,133875.96,3702
INV001221,2025-11-23,27AABC005121Z2,27AABC004221Z2,19577.66,12,2419.08,2543
INV001222,2025-08-30,27AABC000871Z7,27AABC004261Z6,4424.48,12,524.35,666
INV001223,2025-09-03,27AABC003511Z1,27AABC003421Z2,1529.09,12,187.29,816
INV001224,2025-09-05,27AABC005431Z3,27AABC004571Z7,961.42,5,49.36,1262
INV001225,2026-01-13,27AABC001461Z6,27AABC005251Z5,3447.84,18,636.92,673
INV001226,2025-12-04,27AABC004681Z8,27AABC004991Z9,1525.55,12,0.0,1346
INV001227,2025-08-10,27AABC003971Z7,27AABC003911Z1,5000.0,12,597.26,576
INV001228,2025-09-29,27AABC004821Z2,27AABC004941Z4,54063.31,18,9788.35,2433
INV001229,2025-04-02,27AABC004671Z7,27AABC000471Z7,3185.86,12,391.95,2335
INV001230,2025-12-21,27AABC003781Z8,27AABC001781Z8,9630.66,18,1746.3,2343
INV001231,2025-05-12,27AABC003961Z6,27AABC002541Z4,40805.03,18,7468.91,3027
INV001232,2025-08-02,27AABC001911Z1,27AABC004541Z4,1433.68,18,252.29,3975
INV001233,2026-02-24,27AABC005971Z7,27AABC005321Z2,19856.28,5,1011.46,3613
INV001234,2025-09-16,27AABC002521Z2,27AABC001101Z0,8265.78,18,1500.32,1073
INV001235,2025-06-17,27AABC000121Z2,27AABC002291Z9,631.11,18,111.48,3447
INV001236,2026-01-05,27AABC000161Z6,27AABC002341Z4,1276.13,18,223.53,1385
INV001237,2026-03-17,29SHELL000291Z9,29SHELL000251Z5,649245.68,12,77909.48,27
INV001238,2025-12-20,27AABC001621Z2,27AABC004551Z5,10000.0,18,1766.56,3988
INV001239,2025-12-10,27AABC000961Z6,27AABC002451Z5,1973.17,18,360.58,1283
INV001240,2026-03-04,27AABC002461Z6,27AABC004571Z7,9550.86,28,2683.75,1023
INV001241,2026-03-08,27AABC001391Z9,27AABC002911Z1,485323.48,18,87358.23,2187
INV001242,2026-02-11,27AABC003071Z7,27AABC005281Z8,4990.7,28,1371.98,728
INV001243,2025-08-24,27AABC000611Z1,27AABC004191Z9,39050.42,18,6890.68,1480
INV001244,2025-07-10,27AABC001991Z9,27AABC005611Z1,39529.78,18,6903.58,3109
INV001245,2025-09-04,27AABC003391Z9,27AABC004481Z8,16762.1,18,2936.52,1029
INV001246,2025-10-17,27AABC004051Z5,27AABC004671Z7,15097.42,18,0.0,3027
INV001247,2025-05-08,27AABC005401Z0,27AABC003981Z8,2880.12,18,527.41,1454
INV001248,2025-06-03,27AABC000611Z1,27AABC004311Z1,5451.05,5,268.79,1480
INV001249,2026-01-16,27AABC004761Z6,27AABC003031Z3,15191.8,18,2692.97,3957
INV001250,2025-05-26,27AABC003911Z1,27AABC004021Z2,6851.05,18,1240.05,3922
INV001251,2025-10-12,27AABC004461Z6,27AABC000181Z8,8745.93,12,1071.4,1687
INV001252,2025-06-15,27AABC001621Z2,27AABC002691Z9,91011.8,5,4659.77,3988
INV001253,2025-09-02,29SHELL000271Z7,29SHELL000281Z8,754896.04,18,135881.29,71
INV001254,2025-11-09,27AABC002681Z8,27AABC004391Z9,3744.78,28,1076.73,2122
INV001255,2025-12-29,27AABC005091Z9,27AABC002981Z8,44141.23,28,12124.1,1340
INV001256,2025-04-23,27AABC001051Z5,27AABC002601Z0,3069.89,18,543.95,2603
INV001257,2026-01-29,27AABC000761Z6,27AABC003431Z3,1829.85,12,215.46,520
INV001258,2025-07-11,27AABC001151Z5,27AABC002901Z0,8165.76,18,1511.91,2465
INV001259,2025-05-24,27AABC005311Z1,27AABC000821Z2,43200.22,5,2175.8,2733
INV001260,2026-02-13,27AABC003991Z9,27AABC004421Z2,5244.47,12,643.31,3434
INV001261,2025-05-10,27AABC005451Z5,27AABC000371Z7,12155.57,28,3486.61,2953
INV001262,2026-01-19,27AABC003661Z6,27AABC003451Z5,25000.0,5,1226.04,3984
INV001263,2025-12-06,29SHELL000281Z8,29SHELL000291Z9,561529.98,18,101075.4,167
INV001264,2025-06-25,27AABC003811Z1,27AABC002641Z4,38728.56,18,6919.34,1588
INV001265,2025-11-01,27AABC002811Z1,27AABC002681Z8,7174.92,18,1278.7,2171
INV001266,2025-05-03,27AABC003361Z6,27AABC000361Z6,10370.25,18,1812.41,2948
INV001267,2026-02-13,27AABC004561Z6,27AABC005131Z3,4483.68,18,789.92,1470
INV001268,2025-07-13,27AABC005031Z3,27AABC005101Z0,1883.2,18,330.69,1639
INV001269,2025-09-06,27AABC005771Z7,27AABC004751Z5,4826.6,12,579.19,2939
INV001270,2026-02-06,29SHELL000361Z6,29SHELL000371Z7,496779.94,18,89420.39,105
INV001271,2026-02-15,27AABC005671Z7,27AABC004861Z6,15474.99,18,2774.27,3270
INV001272,2025-07-25,27AABC002901Z0,27AABC004331Z3,22392.59,12,0.0,3893
INV001273,2026-01-10,27AABC005871Z7,27AABC002091Z9,13766.55,12,1660.06,554
INV001274,2025-10-16,27AABC000601Z0,27AABC002421Z2,10045.3,18,0.0,3441
INV001275,2025-08-14,27AABC003991Z9,27AABC000291Z9,1955.63,18,360.23,3434
INV001276,2025-08-24,29SHELL000371Z7,29SHELL000381Z8,123074.37,18,22153.39,138
INV001277,2025-12-26,27AABC003711Z1,27AABC004231Z3,2097.59,28,584.3,1867
INV001278,2025-07-17,27AABC001891Z9,27AABC003601Z0,5000.0,18,0.0,1413
INV001279,2025-04-20,27AABC000431Z3,27AABC003491Z9,24474.67,12,2979.32,3802
INV001280,2025-11-04,27AABC000791Z9,27AABC000581Z8,15115.94,12,1834.61,1904
INV001281,2026-01-23,27AABC005451Z5,27AABC000421Z2,4239.78,18,764.93,2953
INV001282,2025-12-06,27AABC002941Z4,27AABC001691Z9,5910.38,12,700.45,2801
INV001283,2025-04-15,27AABC002991Z9,27AABC000171Z7,10000.0,18,1832.69,926
INV001284,2025-04-10,27AABC000131Z3,27AABC004311Z1,89550.66,18,0.0,3106
INV001285,2025-06-17,27AABC001851Z5,27AABC001361Z6,5629.72,12,0.0,2769
INV001286,2025-11-13,27AABC005621Z2,27AABC002251Z5,3424.98,28,949.98,3196
INV001287,2025-10-14,27AABC001121Z2,27AABC001301Z0,2799.84,28,784.09,1752
INV001288,2025-11-05,27AABC001491Z9,27AABC002071Z7,45719.5,12,5410.54,2826
INV001289,2025-07-03,27AABC005821Z2,27AABC000301Z0,6564.5,18,1166.39,2481
INV001290,2025-05-25,27AABC004961Z6,27AABC001861Z6,15042.45,5,755.46,470
INV001291,2025-12-18,27AABC003341Z4,27AABC000041Z4,5614.16,12,662.1,1422
INV001292,2026-03-21,27AABC001731Z3,27AABC000921Z2,2595.78,5,132.67,2331
INV001293,2025-06-12,27AABC005401Z0,27AABC004871Z7,33754.14,18,5937.47,1454
INV001294,2025-05-22,27AABC000931Z3,27AABC002531Z3,9107.62,18,1682.74,2340
INV001295,2025-04-10,27AABC003321Z2,27AABC004121Z2,1361.54,12,167.09,3697
INV001296,2025-09-09,27AABC003181Z8,27AABC003121Z2,495229.84,12,59427.58,3253
INV001297,2025-12-06,27AABC005061Z6,27AABC002131Z3,38798.89,12,4794.8,1819
INV001298,2026-03-05,27AABC001961Z6,27AABC003111Z1,1670.06,28,480.32,2669
INV001299,2025-10-25,27AABC001751Z5,27AABC001841Z4,14094.61,18,2471.73,2915
INV001300,2025-09-06,27AABC003671Z7,27AABC003141Z4,496.24,28,138.95,1911
INV001301,2025-04-04,27AABC002121Z2,27AABC004821Z2,11844.28,5,587.01,3039
INV001302,2025-05-07,27AABC003091Z9,27AABC002011Z1,5848.98,28,1612.34,2727
INV001303,2026-02-24,27AABC005881Z8,27AABC002371Z7,36634.16,18,6480.02,2808
INV001304,2025-07-07,27AABC004681Z8,27AABC004061Z6,4682.69,12,573.01,1346
INV001305,2025-05-12,27AABC004901Z0,27AABC003621Z2,21961.47,12,2642.21,3622
INV001306,2025-06-19,27AABC003821Z2,27AABC002751Z5,10000.0,5,507.39,3751
INV001307,2025-12-30,29SHELL000271Z7,29SHELL000281Z8,550556.46,12,66066.78,71
INV001308,2025-08-03,27AABC002801Z0,27AABC000691Z9,24043.8,18,4217.08,760
INV001309,2025-04-23,27AABC001581Z8,27AABC003971Z7,3273.26,18,594.23,996
INV001310,2026-02-19,27AABC000291Z9,27AABC004741Z4,55250.68,18,22855.01,1919
INV001311,2025-06-27,27AABC005571Z7,27AABC004491Z9,11949.86,28,3296.05,1463
INV001312,2025-11-04,27AABC002511Z1,27AABC005811Z1,45758.47,12,0.0,2140
INV001313,2025-09-11,27AABC004461Z6,27AABC005861Z6,2444.53,18,428.95,1687
INV001314,2026-02-01,27AABC005861Z6,27AABC004671Z7,434.36,5,21.7,3534
INV001315,2025-08-11,27AABC005201Z0,27AABC005611Z1,4431.53,18,788.28,1922
INV001316,2025-10-28,27AABC004441Z4,27AABC004271Z7,2782.21,18,506.53,513
INV001317,2025-04-14,27AABC002721Z2,27AABC000031Z3,9552.94,12,1154.05,1360
INV001318,2026-01-16,27AABC004761Z6,27AABC001601Z0,190.59,18,34.98,3957
INV001319,2025-08-19,27AABC005511Z1,27AABC003971Z7,3658.42,12,0.0,2943
INV001320,2025-07-13,27AABC001271Z7,27AABC003061Z6,4752.63,5,233.25,445
INV001321,2026-01-27,27AABC002841Z4,27AABC001371Z7,844.88,18,150.13,943
INV001322,2025-09-08,27AABC002561Z6,27AABC003231Z3,20046.28,28,5561.56,716
INV001323,2025-11-29,27AABC002101Z0,27AABC003761Z6,3755.94,12,445.04,1723
INV001324,2025-08-29,27AABC000241Z4,27AABC005401Z0,732.36,5,36.7,1081
INV001325,2025-07-31,27AABC005521Z2,27AABC001701Z0,936.64,18,166.71,2822
INV001326,2025-05-30,27AABC003211Z1,27AABC005361Z6,5131.5,18,925.04,3391
INV001327,2026-01-27,27AABC005581Z8,27AABC000541Z4,4449.37,28,1247.75,1476
INV001328,2025-08-16,27AABC001641Z4,27AABC000871Z7,38207.39,18,6993.37,3572
INV001329,2026-02-08,27AABC003311Z1,27AABC003371Z7,80052.01,28,22841.71,3505
INV001330,2025-07-21,27AABC000741Z4,27AABC000351Z5,77167.0,18,14272.5,3108
INV001331,2025-11-29,27AABC002311Z1,27AABC004621Z2,4598.81,5,232.47,3091
INV001332,2026-02-12,27AABC001831Z3,27AABC005951Z5,497.14,18,89.49,1208
INV001333,2025-10-13,27AABC004201Z0,27AABC002641Z4,12633.88,18,2335.35,652
INV001334,2025-12-24,27AABC001681Z8,27AABC000831Z3,2000.0,5,0.0,3819
INV001335,2025-08-20,27AABC000591Z9,27AABC001441Z4,1126.44,28,307.27,1630
INV001336,2025-08-14,27AABC002851Z5,27AABC002051Z5,10081.93,28,7892.89,545
INV001337,2025-11-27,29SHELL000171Z7,27AABC000011Z1,590036.33,18,120901.74,125
INV001338,2025-06-03,27AABC005171Z7,27AABC004201Z0,927.12,12,112.85,2404
INV001339,2026-02-14,27AABC001461Z6,27AABC000351Z5,3490.67,18,644.78,673
INV001340,2026-03-29,27AABC005131Z3,27AABC004741Z4,1806.07,18,326.03,1872
INV001341,2025-09-30,27AABC004451Z5,27AABC003821Z2,12240.11,18,2140.5,2140
INV001342,2025-06-30,27AABC000661Z6,27AABC001631Z3,28461.35,5,1396.44,2835
INV001343,2026-02-03,27AABC004331Z3,27AABC001971Z7,8968.23,18,1593.86,2693
INV001344,2025-08-24,27AABC004591Z9,27AABC004371Z7,46273.04,18,8151.98,755
INV001345,2025-05-07,27AABC001941Z4,27AABC000941Z4,5628.97,5,278.96,2399
INV001346,2026-02-25,27AABC001041Z4,27AABC002281Z8,1000.0,18,175.41,2705
INV001347,2025-04-01,27AABC004121Z2,27AABC003771Z7,2833.69,18,520.41,1410
INV001348,2026-03-18,27AABC002731Z3,27AABC005711Z1,1168.16,12,138.62,435
INV001349,2025-12-20,27AABC003011Z1,27AABC000341Z4,126696.98,18,22714.85,2635
INV001350,2025-07-02,29SHELL000001Z0,29SHELL000011Z1,85238.06,28,23866.66,54
INV001351,2025-12-05,29SHELL000381Z8,27AABC000001Z0,267295.81,18,55620.79,44
INV001352,2025-06-20,27AABC000231Z3,27AABC001491Z9,30474.21,18,0.0,3610
INV001353,2025-11-28,27AABC004271Z7,27AABC001451Z5,5134.39,18,924.89,3939
INV001354,2025-09-15,27AABC003521Z2,27AABC001671Z7,5135.85,5,258.51,1168
INV001355,2025-05-13,27AABC004691Z9,27AABC003681Z8,13935.45,12,1682.61,1399
INV001356,2026-01-18,27AABC004231Z3,27AABC004691Z9,1668.09,5,0.0,423
INV001357,2025-05-01,27AABC005991Z9,27AABC000131Z3,16561.09,12,3771.77,3701
INV001358,2025-12-20,27AABC005851Z5,27AABC003361Z6,18505.42,28,5037.61,607
INV001359,2025-12-10,29SHELL000381Z8,27AABC000021Z2,394588.7,18,89162.6,44
INV001360,2025-10-04,27AABC004571Z7,27AABC002081Z8,21969.41,12,2678.96,3191
INV001361,2025-06-08,27AABC000001Z0,27AABC001381Z8,2000.0,12,240.3,2219
INV001362,2025-06-22,27AABC003911Z1,27AABC001831Z3,299.09,5,15.14,3922
INV001363,2026-03-16,27AABC003281Z8,27AABC000131Z3,159843.97,5,8092.72,3030
INV001364,2026-01-14,27AABC001401Z0,27AABC001321Z2,6449.68,5,319.54,1015
INV001365,2025-08-25,27AABC005171Z7,27AABC003561Z6,2735.91,5,138.09,2404
INV001366,2025-06-27,27AABC001521Z2,27AABC001281Z8,1184.29,12,0.0,2161
INV001367,2026-02-18,27AABC003051Z5,27AABC000401Z0,10000.0,5,498.21,1004
INV001368,2025-07-24,27AABC004181Z8,27AABC001811Z1,550.57,12,64.68,3128
INV001369,2026-03-24,29SHELL000061Z6,29SHELL000071Z7,188942.13,18,34009.58,137
INV001370,2026-01-04,27AABC001141Z4,27AABC004281Z8,82532.47,18,24955.48,3538
INV001371,2025-10-10,27AABC005851Z5,27AABC004711Z1,9640.3,12,1180.09,607
INV001372,2025-10-21,27AABC003721Z2,27AABC004341Z4,2620.2,18,481.36,3595
INV001373,2026-01-12,27AABC001551Z5,27AABC003701Z0,5150.05,18,922.57,2873
INV001374,2025-11-19,29SHELL000101Z0,29SHELL000111Z1,311000.97,12,37320.12,51
INV001375,2026-01-24,27AABC002321Z2,27AABC003241Z4,4931.19,18,0.0,2421
INV001376,2025-10-25,27AABC000151Z5,27AABC004931Z3,2048.21,18,376.68,1349
INV001377,2026-02-06,27AABC003741Z4,27AABC001271Z7,1137.55,18,204.06,1145
INV001378,2025-11-18,27AABC004221Z2,27AABC002531Z3,14443.33,28,4140.78,940
INV001379,2025-12-04,27AABC001991Z9,27AABC005111Z1,18612.94,18,0.0,3109
INV001380,2025-10-13,27AABC005191Z9,27AABC000221Z2,14582.45,18,2569.52,2518
INV001381,2025-04-04,27AABC003871Z7,27AABC002821Z2,5147.51,18,924.89,2515
INV001382,2025-05-15,27AABC000151Z5,27AABC004191Z9,5000.0,28,1403.22,1349
INV001383,2025-07-04,27AABC003671Z7,27AABC001241Z4,4993.03,18,922.71,1911
INV001384,2025-11-29,27AABC004841Z4,27AABC002621Z2,21031.49,18,3780.57,3819
INV001385,2025-09-13,27AABC005401Z0,27AABC004631Z3,3139.77,12,374.86,1454
INV001386,2026-02-09,27AABC003951Z5,27AABC005041Z4,517.58,12,63.72,768
INV001387,2025-05-05,29SHELL000221Z2,29SHELL000231Z3,825276.59,28,231077.44,159
INV001388,2025-11-13,27AABC002181Z8,27AABC004491Z9,7728.81,28,2220.52,3709
INV001389,2026-01-29,27AABC000901Z0,27AABC005121Z2,16470.96,5,838.73,3301
INV001390,2026-01-08,27AABC001391Z9,27AABC003811Z1,3655.1,28,0.0,2187
INV001391,2025-09-16,27AABC003151Z5,27AABC005391Z9,883.9,18,157.86,2898
INV001392,2025-12-12,27AABC002261Z6,27AABC001221Z2,27482.23,5,0.0,1229
INV001393,2025-06-15,29SHELL000101Z0,27AABC000001Z0,812379.48,12,132060.3,51
INV001394,2026-03-17,27AABC002781Z8,27AABC000601Z0,7456.66,18,1352.41,3941
INV001395,2025-08-10,27AABC001891Z9,27AABC000401Z0,15513.73,12,1850.81,1413
INV001396,2025-11-09,29SHELL000331Z3,29SHELL000341Z4,823512.13,12,98821.46,102
INV001397,2025-10-09,27AABC000561Z6,27AABC001551Z5,24067.84,18,4250.72,855
INV001398,2025-11-21,27AABC004101Z0,27AABC003591Z9,1703.95,18,304.78,1837
INV001399,2025-07-08,27AABC002741Z4,27AABC003131Z3,6235.22,5,309.92,536
INV001400,2025-11-28,27AABC004351Z5,27AABC005051Z5,10831.67,18,1956.79,1994
INV001401,2025-08-01,27AABC004261Z6,27AABC003461Z6,29513.36,12,3612.38,2987
INV001402,2025-06-05,27AABC002081Z8,27AABC005541Z4,8867.44,18,1588.61,2450
INV001403,2025-07-31,27AABC002981Z8,27AABC002971Z7,5000.0,5,244.82,3851
INV001404,2025-08-03,27AABC004181Z8,27AABC001071Z7,9139.78,18,1691.63,3128
INV001405,2025-07-26,27AABC001441Z4,27AABC002771Z7,35415.24,12,4221.74,3316
INV001406,2025-09-20,27AABC005721Z2,27AABC004031Z3,12718.12,18,2225.82,2706
INV001407,2026-02-23,29SHELL000351Z5,29SHELL000361Z6,823801.13,18,148284.2,111
INV001408,2025-06-06,27AABC005191Z9,27AABC005481Z8,27902.63,28,21207.92,2518
INV001409,2025-09-06,27AABC000351Z5,27AABC004901Z0,7998.43,28,2210.2,3826
INV001410,2025-04-12,27AABC004871Z7,27AABC004571Z7,1475.33,28,0.0,2152
INV001411,2026-01-19,27AABC005631Z3,27AABC003781Z8,4018.41,18,722.72,3207
INV001412,2025-04-29,27AABC000611Z1,27AABC001601Z0,1000.0,12,119.93,1480
INV001413,2025-06-04,27AABC000541Z4,27AABC000591Z9,83968.96,18,15148.09,3509
INV001414,2025-07-23,27AABC005701Z0,27AABC003791Z9,82476.05,12,18868.23,734
INV001415,2026-03-31,27AABC000711Z1,27AABC002211Z1,104.47,5,5.08,829
INV001416,2025-09-19,27AABC005321Z2,27AABC001741Z4,3123.67,5,155.31,3078
INV001417,2025-06-24,27AABC002281Z8,27AABC004541Z4,17280.64,18,9000.9,941
INV001418,2025-12-22,27AABC004101Z0,27AABC001941Z4,57732.36,5,2924.76,1837
INV001419,2025-12-19,27AABC001301Z0,27AABC003261Z6,6750.36,18,1218.04,3804
INV001420,2026-02-06,27AABC005371Z7,27AABC001411Z1,14018.58,5,716.58,1862
INV001421,2025-10-02,27AABC000171Z7,27AABC003991Z9,12792.07,12,1538.41,1911
INV001422,2025-05-13,27AABC002091Z9,27AABC005011Z1,2000.0,18,359.83,3030
INV001423,2025-07-12,27AABC005501Z0,27AABC004851Z5,859.0,18,155.82,920
INV001424,2025-10-13,27AABC004831Z3,27AABC004231Z3,9623.0,12,1129.34,3901
INV001425,2026-02-25,27AABC003261Z6,27AABC004441Z4,22806.67,28,6290.38,437
INV001426,2025-09-26,27AABC005441Z4,27AABC004791Z9,12298.83,12,1507.95,2871
INV001427,2025-05-15,27AABC003011Z1,27AABC002011Z1,25919.06,28,7354.04,2635
INV001428,2025-07-23,29SHELL000191Z9,29SHELL000151Z5,511406.87,18,92053.24,125
INV001429,2025-09-24,27AABC004951Z5,27AABC000431Z3,8464.59,12,1010.05,1145
INV001430,2026-01-06,27AABC000741Z4,27AABC002601Z0,21312.21,18,3735.25,3108
INV001431,2025-12-10,27AABC002651Z5,27AABC001531Z3,78107.86,18,13880.63,1941
INV001432,2025-08-01,27AABC002071Z7,27AABC002301Z0,11787.37,18,2072.26,1355
INV001433,2026-03-24,27AABC001201Z0,27AABC002781Z8,117165.03,18,20638.71,857
INV001434,2025-07-10,27AABC000411Z1,27AABC003911Z1,24301.14,18,4255.08,2147
INV001435,2026-03-26,27AABC002871Z7,27AABC005381Z8,1028.72,28,287.93,858
INV001436,2025-10-25,27AABC001291Z9,27AABC003641Z4,17619.34,18,3144.07,1825
INV001437,2025-08-12,27AABC001731Z3,27AABC000951Z5,12775.81,18,0.0,2331
INV001438,2026-02-16,27AABC005061Z6,27AABC005021Z2,15739.96,12,1854.74,1819
INV001439,2025-11-11,27AABC001141Z4,27AABC004051Z5,708.33,18,0.0,3538
INV001440,2025-09-09,27AABC003841Z4,27AABC004581Z8,127599.91,18,23074.99,1784
INV001441,2025-08-04,27AABC003221Z2,27AABC005061Z6,470.94,18,82.53,1645
INV001442,2025-12-09,27AABC000591Z9,27AABC004481Z8,14128.17,18,2526.74,1630
INV001443,2025-04-26,27AABC004291Z9,27AABC002261Z6,22360.9,18,3983.96,1966
INV001444,2026-03-31,27AABC002941Z4,27AABC004191Z9,23868.34,18,4302.76,2801
INV001445,2025-08-28,27AABC002991Z9,27AABC005551Z5,12148.55,28,3468.11,926
INV001446,2025-05-21,29SHELL000181Z8,27AABC000021Z2,194314.78,28,57879.42,123
INV001447,2025-07-03,27AABC000011Z1,27AABC001491Z9,41987.16,18,7375.45,2748
INV001448,2025-09-12,27AABC005301Z0,27AABC003601Z0,11245.11,28,3114.08,3402
INV001449,2025-10-13,27AABC002601Z0,27AABC001201Z0,3077.58,12,377.37,2474
INV001450,2025-11-28,27AABC001031Z3,27AABC003091Z9,46181.49,18,8208.26,1928
INV001451,2026-03-01,27AABC005761Z6,27AABC002021Z2,27806.67,12,3363.76,808
INV001452,2025-11-18,27AABC004041Z4,27AABC002471Z7,482.02,12,57.84,2900
INV001453,2025-12-02,27AABC001611Z1,27AABC005291Z9,2915.24,12,355.6,1838
INV001454,2026-03-25,27AABC003011Z1,27AABC004631Z3,129.79,18,23.69,2635
INV001455,2025-09-20,27AABC003321Z2,27AABC004911Z1,12524.99,18,2194.05,3697
INV001456,2025-09-27,29SHELL000111Z1,27AABC000031Z3,1198450.95,18,245502.33,140
INV001457,2025-10-14,27AABC002761Z6,27AABC004141Z4,3656.75,12,437.97,1735
INV001458,2025-05-02,27AABC004551Z5,27AABC003361Z6,10544.94,12,1253.68,1966
INV001459,2025-06-29,27AABC004361Z6,27AABC002981Z8,18235.03,18,3226.4,1330
INV001460,2025-06-23,27AABC000291Z9,27AABC004161Z6,2325.9,18,427.72,1919
INV001461,2025-12-13,27AABC003121Z2,27AABC001571Z7,380.71,18,70.42,1691
INV001462,2025-11-23,27AABC000481Z8,27AABC000281Z8,1000.0,18,177.26,3758
INV001463,2025-06-14,27AABC004291Z9,27AABC004221Z2,2459.6,28,688.25,1966
INV001464,2025-08-30,27AABC001701Z0,27AABC002981Z8,8328.84,5,406.32,2154
INV001465,2025-06-30,27AABC003711Z1,27AABC002241Z4,12114.79,28,3390.37,1867
INV001466,2026-03-03,27AABC000901Z0,27AABC005161Z6,48205.15,18,8676.93,3301
INV001467,2026-01-19,27AABC001511Z1,27AABC003891Z9,15482.1,12,1848.12,2772
INV001468,2025-08-08,27AABC003421Z2,27AABC004161Z6,18102.93,12,2200.6,3702
INV001469,2025-12-15,27AABC000531Z3,27AABC004931Z3,3546.97,5,180.05,826
INV001470,2026-01-04,27AABC005911Z1,27AABC001451Z5,589.43,12,72.8,3164
INV001471,2026-02-03,27AABC000771Z7,27AABC000271Z7,16289.51,12,1938.74,1494
INV001472,2025-06-08,27AABC000161Z6,27AABC004601Z0,12501.6,28,0.0,1385
INV001473,2025-04-18,27AABC004081Z8,27AABC002021Z2,28182.14,28,8000.63,3608
INV001474,2025-05-19,27AABC005621Z2,27AABC002411Z1,3723.54,18,690.24,3196
INV001475,2025-09-07,27AABC000191Z9,27AABC000561Z6,6092.11,28,1726.78,2023
INV001476,2025-05-20,27AABC001701Z0,27AABC005961Z6,1982.51,18,346.86,2154
INV001477,2025-04-05,27AABC004861Z6,27AABC003351Z5,38719.42,12,4733.28,2270
INV001478,2025-07-08,27AABC003671Z7,27AABC000961Z6,18256.02,18,3382.32,1911
INV001479,2025-07-13,27AABC003761Z6,27AABC003531Z3,7533.86,28,0.0,1906
INV001480,2026-02-03,27AABC004881Z8,27AABC005551Z5,9039.1,28,2536.64,3395
INV001481,2025-06-17,27AABC000441Z4,27AABC003191Z9,13953.97,18,2524.08,3963
INV001482,2025-04-05,27AABC000141Z4,27AABC004281Z8,10945.87,18,1981.01,1767
INV001483,2025-07-03,27AABC005971Z7,27AABC001221Z2,1162.34,5,56.42,3613
INV001484,2025-04-15,27AABC004861Z6,27AABC005631Z3,19863.78,18,3519.88,2270
INV001485,2026-02-26,27AABC003511Z1,27AABC005191Z9,15281.46,18,2742.93,816
INV001486,2026-01-08,27AABC003951Z5,27AABC001251Z5,23710.46,12,2843.69,768
INV001487,2026-02-28,27AABC003611Z1,27AABC001581Z8,15407.36,28,4200.72,2812
INV001488,2025-10-30,27AABC004351Z5,27AABC005051Z5,10000.0,5,493.95,1994
INV001489,2025-10-10,29SHELL000161Z6,27AABC000051Z5,932257.57,28,306297.44,36
INV001490,2025-04-10,27AABC003991Z9,27AABC000671Z7,5962.95,18,1069.43,3434
INV001491,2025-05-06,27AABC004891Z9,27AABC005681Z8,21875.63,18,3929.02,3330
INV001492,2025-06-03,27AABC000811Z1,27AABC003411Z1,6992.99,12,853.49,1892
INV001493,2025-09-01,27AABC004611Z1,27AABC000751Z5,6795.98,18,1216.18,1252
INV001494,2025-05-04,27AABC003891Z9,27AABC002261Z6,7108.56,5,348.5,3436
INV001495,2025-10-29,27AABC003781Z8,27AABC002241Z4,15383.3,12,1846.87,2343
INV001496,2025-08-17,27AABC004731Z3,27AABC005481Z8,10000.0,18,1827.92,579
INV001497,2025-08-28,27AABC000441Z4,27AABC002601Z0,8269.62,28,2256.57,3963
INV001498,2026-03-01,27AABC004481Z8,27AABC001101Z0,4251.06,12,498.72,3618
INV001499,2025-11-21,27AABC001551Z5,27AABC003851Z5,21356.24,28,0.0,2873
INV001500,2026-03-02,27AABC005891Z9,27AABC005151Z5,2224.09,18,408.25,2161
INV001501,2025-04-03,27AABC001741Z4,27AABC004261Z6,45086.47,18,7899.72,2351
INV001502,2026-03-08,27AABC002371Z7,27AABC005371Z7,457.98,12,55.03,1949
INV001503,2025-05-30,27AABC004451Z5,27AABC001381Z8,9858.2,18,1787.3,2140
INV001504,2025-10-01,27AABC000881Z8,27AABC000121Z2,1711.38,12,204.14,2811
INV001505,2025-12-30,27AABC002911Z1,27AABC004921Z2,9925.5,28,2748.47,2596
INV001506,2025-06-07,27AABC000491Z9,27AABC004341Z4,29753.32,28,8546.98,3992
INV001507,2026-02-25,27AABC001851Z5,27AABC003961Z6,7028.94,18,1237.57,2769
INV001508,2025-11-05,27AABC002901Z0,27AABC003011Z1,15616.2,18,2849.87,3893
INV001509,2025-12-14,27AABC002611Z1,27AABC001151Z5,9645.5,18,1717.76,3860
INV001510,2025-07-19,27AABC000031Z3,27AABC000791Z9,39634.52,12,4891.59,557
INV001511,2025-07-05,27AABC003511Z1,27AABC005491Z9,4773.56,12,1060.83,816
INV001512,2025-11-05,27AABC002541Z4,27AABC002011Z1,5018.3,28,1363.55,1361
INV001513,2025-09-01,27AABC001581Z8,27AABC000611Z1,4685.24,18,857.42,996
INV001514,2026-03-24,27AABC002891Z9,27AABC004981Z8,11740.49,12,1446.78,3855
INV001515,2025-11-30,27AABC000371Z7,27AABC003171Z7,37335.39,18,6885.29,3417
INV001516,2025-10-11,27AABC005861Z6,27AABC000091Z9,4611.9,18,837.65,3534
INV001517,2025-09-06,27AABC001251Z5,27AABC004211Z1,20472.2,5,1027.54,1097
INV001518,2025-10-24,27AABC005161Z6,27AABC005511Z1,11493.67,12,1388.69,2759
INV001519,2025-04-13,27AABC000711Z1,27AABC002821Z2,10943.16,5,541.32,829
INV001520,2025-12-13,27AABC003881Z8,27AABC005401Z0,48788.2,18,17341.1,3216
INV001521,2025-12-12,27AABC003281Z8,27AABC003141Z4,7495.45,18,1369.71,3030
INV001522,2025-09-18,27AABC000001Z0,27AABC005941Z4,5592.91,18,1011.6,2219
INV001523,2026-01-22,27AABC005331Z3,27AABC001661Z6,632.66,18,116.0,872
INV001524,2025-05-19,27AABC005641Z4,27AABC000491Z9,124009.01,18,0.0,2220
INV001525,2025-05-30,27AABC000851Z5,27AABC000481Z8,41313.29,12,4930.88,2516
INV001526,2025-07-20,27AABC002751Z5,27AABC002921Z2,1287.36,28,351.26,3453
INV001527,2025-09-05,27AABC000251Z5,27AABC002331Z3,15166.89,28,4135.74,1403
INV001528,2025-09-21,27AABC000131Z3,27AABC001601Z0,25753.57,28,7394.72,3106
INV001529,2026-01-11,27AABC004411Z1,27AABC004951Z5,641.6,12,77.84,924
INV001530,2025-04-13,27AABC001281Z8,27AABC003731Z3,14126.1,18,2500.78,1401
INV001531,2026-01-08,27AABC005831Z3,27AABC005611Z1,2487.21,12,294.99,532
INV001532,2025-08-03,27AABC005871Z7,27AABC004181Z8,23834.87,28,6634.69,554
INV001533,2025-09-18,27AABC004371Z7,27AABC002171Z7,7728.62,18,0.0,994
INV001534,2025-07-30,27AABC000001Z0,27AABC002721Z2,6206.26,12,765.13,2219
INV001535,2025-05-12,27AABC001311Z1,27AABC002921Z2,4296.64,18,750.74,2583
INV001536,2025-10-24,29SHELL000311Z1,27AABC000031Z3,466178.51,28,132433.09,115
INV001537,2025-04-18,27AABC000281Z8,27AABC002531Z3,5134.52,18,920.27,3621
INV001538,2026-03-03,27AABC002511Z1,27AABC000091Z9,55806.49,18,9930.23,2140
INV001539,2025-08-31,27AABC004581Z8,27AABC000061Z6,1108.04,18,194.43,3730
INV001540,2025-07-30,27AABC002261Z6,27AABC002711Z1,36870.45,12,4298.33,1229
INV001541,2026-01-02,27AABC003541Z4,27AABC005591Z9,98994.63,18,17819.03,1882
INV001542,2025-12-28,27AABC000981Z8,27AABC005461Z6,1071.58,18,195.61,1800
INV001543,2025-08-10,27AABC003611Z1,27AABC000231Z3,51805.15,5,2654.15,2812
INV001544,2026-03-18,27AABC003381Z8,27AABC003681Z8,9087.72,28,2499.97,1001
INV001545,2025-07-27,27AABC002851Z5,27AABC000091Z9,22104.08,18,4064.48,545
INV001546,2025-11-22,27AABC001201Z0,27AABC003501Z0,18254.34,18,3350.45,857
INV001547,2025-07-17,27AABC004491Z9,27AABC005051Z5,143527.5,18,25990.7,828
INV001548,2025-07-04,27AABC003061Z6,27AABC001231Z3,98.18,12,11.78,2962
INV001549,2025-10-19,27AABC004441Z4,27AABC001901Z0,7889.61,12,974.0,513
INV001550,2025-05-15,27AABC005851Z5,27AABC003911Z1,25595.2,18,0.0,607
INV001551,2026-01-17,27AABC001531Z3,27AABC004621Z2,24687.1,12,3027.66,3384
INV001552,2025-07-18,27AABC001571Z7,27AABC003121Z2,51259.88,5,2609.85,2647
INV001553,2026-03-04,27AABC002881Z8,27AABC004231Z3,36059.77,28,10287.32,2139
INV001554,2025-12-19,27AABC002261Z6,27AABC002461Z6,1353.38,18,244.24,1229
INV001555,2025-04-21,27AABC005181Z8,27AABC000721Z2,966.24,12,118.72,1424
INV001556,2026-02-05,27AABC004681Z8,27AABC003151Z5,14081.4,18,0.0,1346
INV001557,2025-08-21,27AABC000061Z6,27AABC003251Z5,16945.33,12,2060.73,1395
INV001558,2026-03-06,27AABC004161Z6,27AABC001961Z6,6615.51,12,815.52,2561
INV001559,2025-11-21,27AABC004361Z6,27AABC005021Z2,48620.87,28,13613.84,1330
INV001560,2026-02-25,27AABC000401Z0,27AABC002971Z7,79184.53,28,0.0,2092
INV001561,2025-10-10,27AABC004191Z9,27AABC003621Z2,33255.41,18,5902.59,2005
INV001562,2025-07-10,27AABC000761Z6,27AABC002221Z2,9326.56,18,1639.79,520
INV001563,2025-04-29,27AABC001831Z3,27AABC005441Z4,1879.34,5,94.07,1208
INV001564,2025-07-22,27AABC005151Z5,27AABC002311Z1,40477.65,12,0.0,1133
INV001565,2025-11-22,27AABC005731Z3,27AABC003541Z4,61553.48,28,17554.05,1569
INV001566,2025-12-04,27AABC001421Z2,27AABC005251Z5,1323.7,18,562.39,3779
INV001567,2025-06-02,27AABC004731Z3,27AABC004621Z2,42564.32,12,5208.23,579
INV001568,2026-01-16,27AABC002481Z8,27AABC000231Z3,6384.51,12,760.43,2845
INV001569,2025-07-04,27AABC001851Z5,27AABC004621Z2,2630.17,12,324.13,2769
INV001570,2026-03-22,27AABC002241Z4,27AABC005121Z2,1912.81,5,96.42,2927
INV001571,2025-12-31,27AABC003301Z0,27AABC002561Z6,17928.24,28,5157.63,1187
INV001572,2025-11-28,27AABC005001Z0,27AABC000071Z7,14719.74,18,2656.09,2639
INV001573,2025-07-22,27AABC000381Z8,27AABC004461Z6,2360.84,5,115.15,1838
INV001574,2025-11-02,27AABC002371Z7,27AABC005961Z6,4865.55,28,1362.35,1949
INV001575,2025-08-24,27AABC002761Z6,27AABC000021Z2,3604.22,18,640.17,1735
INV001576,2025-04-29,27AABC005461Z6,27AABC005561Z6,534.27,12,63.35,2960
INV001577,2026-02-18,27AABC001171Z7,27AABC000471Z7,5604.89,18,1002.62,3284
INV001578,2026-02-06,27AABC000821Z2,27AABC005441Z4,15397.12,18,2722.19,1580
INV001579,2025-05-23,27AABC005481Z8,27AABC004711Z1,16757.13,12,2005.61,1973
INV001580,2025-10-18,27AABC000421Z2,27AABC002561Z6,35570.4,12,4346.17,3368
INV001581,2026-02-05,27AABC005201Z0,27AABC001071Z7,33386.61,28,9149.68,1922
INV001582,2025-07-26,27AABC001311Z1,27AABC000091Z9,11427.29,12,1340.09,2583
INV001583,2026-01-04,27AABC002181Z8,27AABC002231Z3,16885.45,18,3039.91,3709
INV001584,2025-08-17,27AABC002281Z8,27AABC005351Z5,40174.31,18,7241.23,941
INV001585,2026-03-13,27AABC004081Z8,27AABC005321Z2,2722.5,12,320.23,3608
INV001586,2025-09-07,27AABC000831Z3,27AABC000361Z6,45513.79,18,8427.17,735
INV001587,2025-09-07,29SHELL000271Z7,29SHELL000281Z8,298490.53,12,35818.86,71
INV001588,2025-10-25,27AABC001131Z3,27AABC002131Z3,36420.61,5,0.0,2038
INV001589,2025-04-08,27AABC000571Z7,27AABC003911Z1,547.66,18,96.94,854
INV001590,2025-04-29,27AABC000081Z8,27AABC001511Z1,485.5,18,88.78,2072
INV001591,2025-08-14,27AABC000251Z5,27AABC005901Z0,6793.12,18,1192.12,1403
INV001592,2025-04-20,27AABC003591Z9,27AABC004811Z1,9576.94,5,473.07,3258
INV001593,2026-03-07,27AABC003391Z9,27AABC004491Z9,24966.04,12,3083.57,1029
INV001594,2025-10-23,27AABC000351Z5,27AABC001941Z4,1849.86,18,331.32,3826
INV001595,2026-02-13,27AABC001381Z8,27AABC004361Z6,4921.79,18,905.58,2899
INV001596,2026-02-11,27AABC000781Z8,27AABC002321Z2,24685.57,18,4343.75,2427
INV001597,2025-04-15,27AABC001581Z8,27AABC001681Z8,6412.07,12,765.36,996
INV001598,2025-10-02,27AABC002961Z6,27AABC004961Z6,6736.78,12,810.02,1491
INV001599,2025-08-16,27AABC004701Z0,27AABC002321Z2,2558.08,12,312.34,1617
INV001600,2025-06-20,27AABC003121Z2,27AABC000541Z4,7290.93,18,1283.3,1691
INV001601,2026-02-10,27AABC000471Z7,27AABC001701Z0,30323.72,12,3571.61,3794
INV001602,2026-01-23,27AABC004101Z0,27AABC001761Z6,6973.82,12,860.2,1837
INV001603,2025-04-21,27AABC001361Z6,27AABC005201Z0,2971.38,28,817.23,3634
INV001604,2025-05-19,27AABC005721Z2,27AABC003811Z1,28656.12,12,3386.36,2706
INV001605,2025-05-04,27AABC005211Z1,27AABC005821Z2,5000.0,18,906.29,2561
INV001606,2025-10-16,27AABC004371Z7,27AABC002841Z4,25973.38,18,4699.02,994
INV001607,2026-02-21,27AABC001801Z0,27AABC001151Z5,75928.59,5,3770.09,1443
INV001608,2025-11-03,27AABC001261Z6,27AABC004211Z1,3197.06,28,872.59,954
INV001609,2026-03-29,27AABC003571Z7,27AABC004261Z6,2528.24,5,122.86,2419
INV001610,2025-07-09,27AABC004571Z7,27AABC000341Z4,10275.25,5,522.03,3191
INV001611,2025-08-19,27AABC003531Z3,27AABC000451Z5,25000.0,18,4444.34,1288
INV001612,2025-04-19,27AABC004551Z5,27AABC000471Z7,4443.45,5,227.51,1966
INV001613,2025-06-02,27AABC002811Z1,27AABC003981Z8,12476.04,28,3479.81,2171
INV001614,2025-11-30,27AABC005831Z3,27AABC005721Z2,4236.3,18,781.86,532
INV001615,2025-08-16,27AABC001971Z7,27AABC005911Z1,10000.0,12,1220.84,3017
INV001616,2025-11-04,27AABC003191Z9,27AABC003851Z5,4097.23,18,744.94,2693
INV001617,2025-04-01,27AABC001771Z7,27AABC000241Z4,3057.77,5,154.33,2900
INV001618,2025-06-02,27AABC003151Z5,27AABC002011Z1,4242.72,18,745.79,2898
INV001619,2025-04-10,27AABC000871Z7,27AABC003211Z1,442.56,5,21.73,666
INV001620,2025-08-06,27AABC005111Z1,27AABC001351Z5,60427.65,18,11049.29,3468
INV001621,2025-10-18,27AABC002651Z5,27AABC002301Z0,26985.66,28,7593.18,1941
INV001622,2025-06-13,27AABC002531Z3,27AABC000791Z9,1681.49,18,296.4,3689
INV001623,2026-01-11,27AABC003721Z2,27AABC003791Z9,8070.86,18,1418.44,3595
INV001624,2025-04-19,27AABC003261Z6,27AABC000301Z0,9244.2,18,1675.69,437
INV001625,2025-12-16,27AABC005901Z0,27AABC004741Z4,480.6,18,86.51,2340
INV001626,2025-07-06,27AABC004451Z5,27AABC003211Z1,13818.58,18,2468.12,2140
INV001627,2025-10-04,27AABC003371Z7,27AABC003691Z9,40341.6,28,11193.9,1125
INV001628,2025-10-20,27AABC003121Z2,27AABC001141Z4,15317.22,28,4232.36,1691
INV001629,2025-11-24,27AABC004361Z6,27AABC003251Z5,141706.14,5,7075.93,1330
INV001630,2025-05-29,27AABC001081Z8,27AABC005231Z3,23430.58,5,1176.22,2705
INV001631,2026-03-09,27AABC003921Z2,27AABC005421Z2,395.79,18,71.46,930
INV001632,2026-02-13,27AABC002281Z8,27AABC004381Z8,43139.4,18,7594.48,941
INV001633,2025-10-21,27AABC004551Z5,27AABC001541Z4,9286.78,12,1086.63,1966
INV001634,2025-09-05,27AABC000151Z5,27AABC002921Z2,3541.45,18,0.0,1349
INV001635,2025-11-09,27AABC004311Z1,27AABC004551Z5,12137.47,12,1489.3,856
INV001636,2025-07-17,27AABC000811Z1,27AABC000371Z7,9702.23,12,0.0,1892
INV001637,2025-10-04,27AABC000071Z7,27AABC001581Z8,928.76,18,168.42,3421
INV001638,2025-05-31,27AABC005661Z6,27AABC004151Z5,207382.56,18,38244.46,2673
INV001639,2025-10-28,27AABC002761Z6,27AABC003351Z5,1144.74,28,315.6,1735
INV001640,2025-12-19,27AABC002501Z0,27AABC003451Z5,1329.97,18,239.08,1903
INV001641,2026-02-16,27AABC000301Z0,27AABC000231Z3,15839.06,18,2773.87,2044
INV001642,2025-08-26,27AABC003341Z4,27AABC000201Z0,51539.8,5,2576.04,1422
INV001643,2025-04-26,27AABC004781Z8,27AABC001721Z2,21957.89,18,4065.41,435
INV001644,2025-06-29,27AABC001181Z8,27AABC000561Z6,23608.11,18,4286.45,2766
INV001645,2025-05-01,27AABC002781Z8,27AABC003251Z5,98.95,18,17.81,3941
INV001646,2025-07-04,27AABC005461Z6,27AABC004841Z4,42686.14,18,7560.93,2960
INV001647,2025-11-03,27AABC004951Z5,27AABC001131Z3,81731.01,18,0.0,1145
INV001648,2025-08-18,27AABC003591Z9,27AABC000661Z6,3140.19,18,552.05,3258
INV001649,2026-03-26,29SHELL000231Z3,27AABC000001Z0,930763.58,28,304938.39,21
INV001650,2025-09-03,27AABC005941Z4,27AABC002761Z6,13359.12,28,3832.85,1663
INV001651,2025-09-11,27AABC000261Z6,27AABC004571Z7,926.59,18,0.0,3196
INV001652,2025-10-07,27AABC001761Z6,27AABC000631Z3,39676.08,18,0.0,3954
INV001653,2026-03-12,27AABC002821Z2,27AABC002541Z4,5552.28,18,0.0,473
INV001654,2026-01-21,27AABC001181Z8,27AABC000621Z2,17164.37,28,4893.49,2766
INV001655,2025-07-20,27AABC004981Z8,27AABC000381Z8,10000.0,12,1217.46,673
INV001656,2026-02-22,27AABC005841Z4,27AABC005541Z4,43856.02,18,8075.24,2243
INV001657,2025-09-12,27AABC000871Z7,27AABC005691Z9,7909.46,12,937.22,666
INV001658,2025-11-21,27AABC004771Z7,27AABC005771Z7,6382.31,12,770.83,573
INV001659,2026-03-07,27AABC000321Z2,27AABC002841Z4,4543.34,12,550.3,1920
INV001660,2025-05-15,27AABC000481Z8,27AABC001141Z4,3892.57,18,0.0,3758
INV001661,2025-08-08,27AABC001051Z5,27AABC002621Z2,1631.8,28,463.55,2603
INV001662,2025-11-15,27AABC005361Z6,27AABC005791Z9,4345.99,12,0.0,884
INV001663,2025-08-12,27AABC003581Z8,27AABC001561Z6,2945.45,18,539.57,2902
INV001664,2025-12-20,27AABC003131Z3,27AABC001871Z7,7960.78,18,1445.1,2336
INV001665,2026-02-18,27AABC003861Z6,27AABC001271Z7,20566.58,12,2401.58,1724
INV001666,2025-10-23,27AABC000231Z3,27AABC005401Z0,1035.38,18,191.31,3610
INV001667,2025-08-24,27AABC001421Z2,27AABC003411Z1,5166.21,18,923.89,3779
INV001668,2025-06-16,27AABC005131Z3,27AABC003901Z0,3389.28,12,403.57,1872
INV001669,2025-11-28,27AABC002761Z6,27AABC005651Z5,6010.3,5,297.02,1735
INV001670,2026-02-04,27AABC003221Z2,27AABC005371Z7,15127.56,18,2788.62,1645
INV001671,2025-09-09,27AABC000041Z4,27AABC003441Z4,4546.51,28,3863.74,2477
INV001672,2025-06-06,27AABC002831Z3,27AABC002321Z2,6645.37,28,1911.29,2701
INV001673,2026-03-13,27AABC003081Z8,27AABC002571Z7,22056.96,5,1099.75,3250
INV001674,2025-09-08,27AABC005431Z3,27AABC005901Z0,6442.18,12,0.0,1262
INV001675,2025-10-25,27AABC004011Z1,27AABC003901Z0,11147.93,18,1975.54,2679
INV001676,2025-12-07,27AABC001611Z1,27AABC003271Z7,4393.18,18,787.38,1838
INV001677,2025-07-05,27AABC005081Z8,27AABC005371Z7,4934.49,12,577.41,1821
INV001678,2025-08-08,27AABC001791Z9,27AABC005161Z6,17736.87,18,3270.14,1190
INV001679,2025-10-05,27AABC002771Z7,27AABC001461Z6,21046.62,12,2501.4,1205
INV001680,2025-07-02,27AABC003151Z5,27AABC001691Z9,32123.24,12,3916.27,2898
INV001681,2026-03-30,27AABC001111Z1,27AABC004611Z1,32285.37,18,0.0,3435
INV001682,2026-02-05,27AABC003271Z7,27AABC001611Z1,14961.96,18,2667.79,1813
INV001683,2025-05-20,27AABC004721Z2,27AABC002891Z9,776.24,18,140.36,1648
INV001684,2025-12-07,27AABC003721Z2,27AABC004581Z8,18229.6,12,2235.81,3595
INV001685,2026-02-20,27AABC005741Z4,27AABC000011Z1,10524.85,5,516.85,2595
INV001686,2025-08-29,27AABC005111Z1,27AABC001951Z5,69419.84,5,3388.85,3468
INV001687,2026-02-07,27AABC002531Z3,27AABC002151Z5,1954.79,18,0.0,3689
INV001688,2025-08-25,27AABC001601Z0,27AABC002441Z4,7214.17,18,1284.2,3076
INV001689,2025-07-02,27AABC003651Z5,27AABC000151Z5,4878.38,28,1339.99,3225
INV001690,2025-09-23,27AABC004991Z9,27AABC004221Z2,4141.78,12,500.12,1558
INV001691,2025-12-24,27AABC002931Z3,27AABC000841Z4,2498.34,5,121.78,3758
INV001692,2025-07-04,27AABC001011Z1,27AABC000531Z3,28424.45,28,7887.66,1553
INV001693,2025-12-28,27AABC004561Z6,27AABC005051Z5,7275.33,12,877.46,1470
INV001694,2025-04-24,27AABC002511Z1,27AABC005361Z6,1553.77,5,78.32,2140
INV001695,2025-05-11,27AABC002731Z3,27AABC000931Z3,122.99,18,21.74,435
INV001696,2025-09-01,27AABC001861Z6,27AABC001431Z3,157659.31,28,44377.79,2697
INV001697,2025-07-04,27AABC005481Z8,27AABC005331Z3,45906.95,5,2291.08,1973
INV001698,2026-03-20,27AABC004281Z8,27AABC004111Z1,15834.41,28,4388.91,1363
INV001699,2025-11-05,27AABC003571Z7,27AABC004021Z2,7807.97,18,1430.15,2419
INV001700,2025-07-29,27AABC001771Z7,27AABC000371Z7,12509.64,18,2202.68,2900
INV001701,2025-08-18,27AABC004231Z3,27AABC004671Z7,12124.02,28,3324.32,423
INV001702,2025-07-12,27AABC004141Z4,27AABC005221Z2,77875.62,5,3807.08,2008
INV001703,2026-02-19,27AABC005581Z8,27AABC004221Z2,97608.07,18,17095.54,1476
INV001704,2025-08-10,27AABC002641Z4,27AABC001821Z2,21046.25,12,0.0,3248
INV001705,2025-07-21,27AABC002431Z3,27AABC002951Z5,4587.34,18,0.0,2031
INV001706,2025-07-23,27AABC005551Z5,27AABC005951Z5,12065.99,5,586.44,1908
INV001707,2025-07-02,27AABC005231Z3,27AABC000461Z6,49404.93,12,5928.59,2995
INV001708,2026-03-27,27AABC005451Z5,27AABC005491Z9,11613.92,12,1364.97,2953
INV001709,2026-01-03,27AABC002761Z6,27AABC003371Z7,1240.52,18,221.31,1735
INV001710,2025-10-07,27AABC002461Z6,27AABC003161Z6,989.46,28,277.05,1023
INV001711,2026-01-04,27AABC004341Z4,27AABC003201Z0,1669.97,28,474.85,2745
INV001712,2026-03-26,27AABC004121Z2,27AABC004891Z9,10332.72,28,2953.78,1410
INV001713,2025-09-05,27AABC001061Z6,27AABC000561Z6,30686.67,28,8334.62,3530
INV001714,2025-12-01,27AABC001671Z7,27AABC005301Z0,3640.2,28,1030.22,2709
INV001715,2025-09-13,27AABC004541Z4,27AABC005721Z2,3157.49,12,0.0,1667
INV001716,2025-08-01,27AABC005201Z0,27AABC000621Z2,481.34,12,0.0,1922
INV001717,2025-11-20,27AABC005881Z8,27AABC004201Z0,3029.99,5,154.99,2808
INV001718,2025-12-09,27AABC001071Z7,27AABC005761Z6,965.98,18,169.31,945
INV001719,2025-07-28,27AABC000091Z9,27AABC003951Z5,2684.32,28,0.0,2513
INV001720,2026-02-08,27AABC004381Z8,27AABC004231Z3,3251.8,12,388.32,3489
INV001721,2025-05-09,27AABC003351Z5,27AABC000131Z3,23393.36,18,4202.91,3302
INV001722,2025-09-17,27AABC002031Z3,27AABC004641Z4,3505.63,18,624.37,3759
INV001723,2025-12-08,27AABC000711Z1,27AABC005451Z5,1454.35,18,256.48,829
INV001724,2026-01-04,27AABC004271Z7,27AABC003611Z1,2076.97,18,371.37,3939
INV001725,2025-10-25,27AABC004631Z3,27AABC003661Z6,6567.72,18,1208.02,3677
INV001726,2025-09-19,27AABC001411Z1,27AABC000481Z8,9974.49,18,1760.57,841
INV001727,2025-04-12,27AABC002481Z8,27AABC005351Z5,5418.67,5,272.82,2845
INV001728,2025-05-22,27AABC000491Z9,27AABC000721Z2,8875.32,12,1039.52,3992
INV001729,2025-07-11,27AABC005611Z1,27AABC000961Z6,324041.58,5,15780.5,1432
INV001730,2025-08-05,27AABC005661Z6,27AABC001151Z5,5712.02,5,289.65,2673
INV001731,2026-02-28,27AABC002241Z4,27AABC004801Z0,305.38,18,55.99,2927
INV001732,2025-04-26,27AABC003171Z7,27AABC000231Z3,463.15,12,56.84,3449
INV001733,2026-03-10,27AABC002781Z8,27AABC001411Z1,102564.68,18,18730.75,3941
INV001734,2025-08-24,27AABC002781Z8,27AABC001971Z7,22120.53,12,2611.95,3941
INV001735,2025-11-04,27AABC002851Z5,27AABC005561Z6,28623.76,12,3378.65,545
INV001736,2025-05-01,27AABC002621Z2,27AABC000441Z4,9210.91,28,2526.76,629
INV001737,2026-01-31,27AABC003211Z1,27AABC005731Z3,14995.11,18,2651.01,3391
INV001738,2026-02-09,27AABC004521Z2,27AABC000491Z9,3489.11,18,620.01,1195
INV001739,2025-07-07,27AABC005591Z9,27AABC004471Z7,115791.03,18,20305.58,1757
INV001740,2026-02-15,27AABC000831Z3,27AABC002971Z7,7645.8,5,387.22,735
INV001741,2025-11-14,27AABC001821Z2,27AABC004181Z8,26382.07,28,7261.69,3419
INV001742,2025-05-03,27AABC000481Z8,27AABC003541Z4,10000.0,28,2835.93,3758
INV001743,2026-03-04,27AABC002531Z3,27AABC001021Z2,19121.6,18,3384.23,3689
INV001744,2026-03-17,27AABC002571Z7,27AABC000921Z2,1949.52,18,346.03,2336
INV001745,2026-01-29,27AABC004431Z3,27AABC000321Z2,3953.72,18,698.36,3349
INV001746,2025-05-16,27AABC004511Z1,27AABC005531Z3,28081.94,5,1407.5,702
INV001747,2025-09-17,27AABC004781Z8,27AABC002331Z3,21311.75,5,1045.51,435
INV001748,2026-03-26,27AABC001331Z3,27AABC002291Z9,4323.37,18,2512.03,2439
INV001749,2025-12-25,27AABC004461Z6,27AABC000971Z7,21297.45,18,3741.65,1687
INV001750,2025-12-12,27AABC002141Z4,27AABC001041Z4,6283.16,18,2878.61,3881
INV001751,2025-10-16,27AABC003991Z9,27AABC003361Z6,5012.03,12,604.68,3434
INV001752,2026-03-19,27AABC001541Z4,27AABC004811Z1,42663.78,28,11912.48,3798
INV001753,2025-10-11,27AABC001951Z5,27AABC002771Z7,3308.31,18,580.9,1420
INV001754,2025-10-24,27AABC002681Z8,27AABC002221Z2,4844.22,18,876.57,2122
INV001755,2026-02-18,27AABC002981Z8,27AABC004591Z9,5647.18,18,1020.46,3851
INV001756,2026-03-10,27AABC005351Z5,27AABC005891Z9,10924.79,5,562.31,1133
INV001757,2025-06-07,27AABC005941Z4,27AABC004941Z4,819.14,18,0.0,1663
INV001758,2025-08-07,27AABC000551Z5,27AABC004351Z5,8694.54,18,1544.81,3140
INV001759,2025-11-05,27AABC005541Z4,27AABC005301Z0,1593.98,12,191.14,3678
INV001760,2025-11-03,27AABC004311Z1,27AABC004441Z4,7508.21,12,890.41,856
INV001761,2025-10-29,27AABC000911Z1,27AABC000251Z5,5145.22,18,943.26,698
INV001762,2025-10-13,27AABC005351Z5,27AABC000811Z1,8788.0,18,1546.68,1133
INV001763,2025-08-06,27AABC001851Z5,27AABC005271Z7,30847.11,12,3773.59,2769
INV001764,2026-01-31,27AABC004451Z5,27AABC002441Z4,8578.59,18,1503.34,2140
INV001765,2025-04-24,27AABC002561Z6,27AABC001151Z5,16270.41,5,790.48,716
INV001766,2026-01-18,27AABC003351Z5,27AABC003571Z7,5000.0,12,0.0,3302
INV001767,2025-06-18,27AABC005901Z0,27AABC003821Z2,18063.86,28,5202.99,2340
INV001768,2025-08-16,27AABC005441Z4,27AABC004611Z1,494.87,12,60.19,2871
INV001769,2026-02-24,27AABC004521Z2,27AABC000431Z3,35852.88,18,6582.97,1195
INV001770,2025-04-02,27AABC004831Z3,27AABC005591Z9,9336.75,18,1677.03,3901
INV001771,2025-08-13,27AABC003441Z4,27AABC000551Z5,815.33,18,142.92,1187
INV001772,2025-07-09,27AABC003961Z6,27AABC000221Z2,9774.52,12,1169.24,3027
INV001773,2026-02-11,27AABC004751Z5,27AABC003961Z6,595.76,18,106.72,2848
INV001774,2026-02-05,27AABC003711Z1,27AABC002081Z8,16098.39,18,2870.39,1867
INV001775,2026-01-29,27AABC001441Z4,27AABC005081Z8,48907.74,18,8803.39,3316
INV001776,2026-02-02,27AABC003701Z0,27AABC003571Z7,47117.39,18,8414.38,1829
INV001777,2025-10-29,27AABC000091Z9,27AABC005721Z2,7873.54,18,1457.14,2513
INV001778,2025-10-20,27AABC005371Z7,27AABC004251Z5,60922.29,18,10859.86,1862
INV001779,2025-05-20,27AABC002251Z5,27AABC005631Z3,45424.58,18,8153.59,2033
INV001780,2025-04-14,29SHELL000101Z0,29SHELL000111Z1,683804.21,12,82056.51,51
INV001781,2026-03-24,27AABC004671Z7,27AABC005871Z7,15880.73,12,1897.58,2335
INV001782,2025-07-09,27AABC002351Z5,27AABC003421Z2,10000.0,18,1832.99,3131
INV001783,2026-02-22,27AABC004191Z9,27AABC002821Z2,1592.76,5,78.9,2005
INV001784,2025-07-25,27AABC005121Z2,27AABC005011Z1,9967.78,18,0.0,2543
INV001785,2026-02-01,27AABC000491Z9,27AABC001881Z8,5759.31,12,695.48,3992
INV001786,2025-11-26,27AABC004611Z1,27AABC005731Z3,1685.97,12,200.0,1252
INV001787,2025-04-22,27AABC001471Z7,27AABC003211Z1,5968.0,18,1101.59,3571
INV001788,2026-02-05,27AABC003751Z5,27AABC004221Z2,9831.0,12,1179.72,931
INV001789,2026-02-25,27AABC003561Z6,27AABC001731Z3,10000.0,12,1227.18,3338
INV001790,2025-05-04,27AABC005221Z2,27AABC001641Z4,178217.09,18,31897.53,2536
INV001791,2025-07-10,27AABC003621Z2,27AABC003701Z0,49414.59,18,9068.07,1013
INV001792,2025-06-15,27AABC002131Z3,27AABC005441Z4,1163.05,12,141.33,1186
INV001793,2025-10-13,27AABC002881Z8,27AABC005731Z3,4847.67,18,863.17,2139
INV001794,2025-08-19,27AABC002601Z0,27AABC005971Z7,2173.52,5,109.38,2474
INV001795,2025-06-18,27AABC005871Z7,27AABC002291Z9,35549.53,18,6279.1,554
INV001796,2025-11-19,27AABC002131Z3,27AABC001661Z6,31164.12,18,0.0,1186
INV001797,2025-10-28,27AABC004671Z7,27AABC005551Z5,2011.78,18,351.63,2335
INV001798,2025-09-04,27AABC005471Z7,27AABC005141Z4,11204.93,5,549.96,3747
INV001799,2025-05-18,27AABC001951Z5,27AABC000141Z4,4978.52,18,922.7,1420
INV001800,2025-12-29,29SHELL000161Z6,29SHELL000171Z7,688874.2,18,123997.36,36
INV001801,2025-07-29,27AABC003851Z5,27AABC003671Z7,770.55,5,38.18,3762
INV001802,2026-01-11,27AABC002171Z7,27AABC003211Z1,7913.04,5,385.78,3802
INV001803,2025-10-12,27AABC005121Z2,27AABC003751Z5,4807.23,28,1383.2,2543
INV001804,2025-04-08,27AABC002041Z4,27AABC003631Z3,10000.0,12,1183.09,3254
INV001805,2025-04-22,27AABC000981Z8,27AABC005551Z5,700.61,12,82.77,1800
INV001806,2025-06-18,27AABC004651Z5,27AABC003781Z8,7930.74,18,1405.23,818
INV001807,2026-03-25,27AABC003621Z2,27AABC001091Z9,1208.91,5,60.16,1013
INV001808,2025-08-05,27AABC003701Z0,27AABC000111Z1,11820.84,18,3706.2,1829
INV001809,2026-03-11,27AABC005901Z0,27AABC004221Z2,9903.43,12,1188.41,2340
INV001810,2025-10-10,27AABC002471Z7,27AABC005591Z9,5298.04,12,641.52,3112
INV001811,2025-10-26,27AABC000371Z7,27AABC005211Z1,4168.19,18,755.7,3417
INV001812,2026-03-31,27AABC002491Z9,27AABC004901Z0,4537.54,5,224.85,2456
INV001813,2025-11-15,27AABC003751Z5,27AABC004421Z2,10309.73,18,1861.04,931
INV001814,2026-02-18,27AABC004991Z9,27AABC005781Z8,336826.16,18,0.0,1558
INV001815,2025-08-07,27AABC002871Z7,27AABC003951Z5,164.95,28,0.0,858
INV001816,2025-10-29,27AABC001671Z7,27AABC000581Z8,1448.65,5,73.4,2709
INV001817,2025-07-29,27AABC001841Z4,27AABC001761Z6,40001.97,18,7013.28,1688
INV001818,2025-04-29,27AABC000701Z0,27AABC000151Z5,12159.85,12,1454.83,2594
INV001819,2025-10-17,27AABC002961Z6,27AABC001761Z6,82897.54,18,15105.55,1491
INV001820,2025-06-13,27AABC001621Z2,27AABC000461Z6,817.28,18,144.17,3988
INV001821,2025-09-14,27AABC004191Z9,27AABC000841Z4,4038.98,18,724.59,2005
INV001822,2025-11-15,27AABC004951Z5,27AABC003821Z2,2320.23,12,286.45,1145
INV001823,2025-11-30,27AABC000511Z1,27AABC001851Z5,27269.28,12,0.0,521
INV001824,2025-07-03,27AABC000941Z4,27AABC000611Z1,2654.46,28,736.9,874
INV001825,2025-10-19,27AABC004091Z9,27AABC000731Z3,5158.91,18,0.0,3475
INV001826,2025-08-20,27AABC002061Z6,27AABC003041Z4,983.7,18,181.1,3144
INV001827,2026-03-24,27AABC003791Z9,27AABC005771Z7,10408.8,18,1893.46,1477
INV001828,2026-02-21,27AABC004361Z6,27AABC001981Z8,9906.87,5,508.34,1330
INV001829,2025-04-16,27AABC005191Z9,27AABC003671Z7,5275.62,18,938.11,2518
INV001830,2025-10-28,27AABC001741Z4,27AABC005561Z6,96462.01,18,17847.24,2351
INV001831,2025-08-15,27AABC004871Z7,27AABC004151Z5,3137.69,28,866.6,2152
INV001832,2025-04-30,27AABC001741Z4,27AABC005261Z6,3623.18,18,661.46,2351
INV001833,2025-04-16,27AABC005641Z4,27AABC004111Z1,5466.8,12,668.03,2220
INV001834,2026-01-11,27AABC001171Z7,27AABC000531Z3,61653.14,28,17497.18,3284
INV001835,2025-06-27,27AABC000571Z7,27AABC003001Z0,10000.0,5,498.93,854
INV001836,2025-09-21,27AABC001281Z8,27AABC003561Z6,1807.83,18,0.0,1401
INV001837,2025-10-25,27AABC005301Z0,27AABC001351Z5,4076.52,18,742.17,3402
INV001838,2025-11-30,27AABC005371Z7,27AABC000241Z4,13370.74,18,2395.93,1862
INV001839,2025-06-30,27AABC003441Z4,27AABC001061Z6,4748.08,18,853.43,1187
INV001840,2026-02-04,27AABC004421Z2,27AABC004851Z5,2803.52,18,518.42,3537
INV001841,2025-11-17,27AABC000791Z9,27AABC003661Z6,3956.75,18,713.05,1904
INV001842,2025-09-22,27AABC004431Z3,27AABC003151Z5,4794.57,18,860.79,3349
INV001843,2025-04-21,27AABC004661Z6,27AABC000791Z9,18135.06,18,3241.36,1858
INV001844,2025-09-27,27AABC004641Z4,27AABC001951Z5,12213.73,28,3324.62,1710
INV001845,2025-08-18,27AABC001511Z1,27AABC003861Z6,105740.79,18,18646.98,2772
INV001846,2026-01-09,27AABC000261Z6,27AABC001241Z4,2000.0,28,559.99,3196
INV001847,2026-01-16,27AABC005941Z4,27AABC000901Z0,9822.07,18,0.0,1663
INV001848,2025-07-27,27AABC003041Z4,27AABC004981Z8,20128.61,18,3678.51,585
INV001849,2026-03-14,27AABC001181Z8,27AABC005241Z4,5455.15,18,997.33,2766
INV001850,2025-06-22,27AABC002931Z3,27AABC003221Z2,4361.33,5,223.55,3758
INV001851,2025-08-23,27AABC002881Z8,27AABC005691Z9,34409.8,12,4218.82,2139
INV001852,2026-03-25,27AABC003221Z2,27AABC002381Z8,1974.02,28,569.08,1645
INV001853,2025-05-29,27AABC005271Z7,27AABC002131Z3,5690.53,28,1568.34,1043
INV001854,2026-03-22,29SHELL000341Z4,27AABC000041Z4,541629.86,12,86217.15,56
INV001855,2026-02-22,27AABC001111Z1,27AABC003991Z9,4582.49,12,541.92,3435
INV001856,2025-05-30,27AABC001391Z9,27AABC003181Z8,904.66,18,160.11,2187
INV001857,2025-07-23,27AABC001591Z9,27AABC000871Z7,4402.53,12,532.91,1846
INV001858,2025-05-18,27AABC001231Z3,27AABC000931Z3,634.07,5,0.0,1559
INV001859,2026-03-07,27AABC000801Z0,27AABC005421Z2,2059.25,18,380.01,1361
INV001860,2026-02-05,27AABC004091Z9,27AABC003881Z8,1243.44,12,321.13,3475
INV001861,2025-12-26,27AABC000841Z4,27AABC004821Z2,373094.77,5,0.0,2908
INV001862,2025-12-23,27AABC000581Z8,27AABC002141Z4,588.3,18,0.0,779
INV001863,2026-02-28,27AABC000881Z8,27AABC001511Z1,1126.78,18,199.51,2811
INV001864,2026-02-06,27AABC001471Z7,27AABC003341Z4,5517.64,28,1541.55,3571
INV001865,2025-05-14,27AABC002111Z1,27AABC004741Z4,1111.26,18,204.32,1126
INV001866,2025-11-25,27AABC003351Z5,27AABC000291Z9,17771.22,18,3146.3,3302
INV001867,2025-07-11,27AABC000451Z5,27AABC003871Z7,28380.43,28,8184.14,2535
INV001868,2026-03-13,27AABC000911Z1,27AABC005751Z5,2385.25,18,423.13,698
INV001869,2025-08-07,27AABC002701Z0,27AABC005271Z7,4199.45,28,1192.4,3500
INV001870,2026-02-03,27AABC005021Z2,27AABC001471Z7,1674.28,18,0.0,649
INV001871,2025-09-01,27AABC000681Z8,27AABC002941Z4,20772.39,5,1027.35,902
INV001872,2026-02-03,27AABC005751Z5,27AABC003581Z8,4831.0,12,562.94,1279
INV001873,2025-08-09,27AABC005901Z0,27AABC001291Z9,22469.58,12,2673.36,2340
INV001874,2025-09-01,27AABC004001Z0,27AABC002391Z9,6265.5,18,1129.08,3041
INV001875,2025-11-18,27AABC005711Z1,27AABC000681Z8,59468.86,28,0.0,1591
INV001876,2025-09-30,27AABC005101Z0,27AABC004521Z2,8457.64,28,0.0,1122
INV001877,2025-06-28,29SHELL000241Z4,29SHELL000201Z0,765508.3,28,214342.32,148
INV001878,2025-06-25,27AABC001431Z3,27AABC005871Z7,15228.2,12,1805.75,2202
INV001879,2026-01-11,27AABC000561Z6,27AABC001121Z2,2393.15,18,426.45,855
INV001880,2025-05-02,27AABC001711Z1,27AABC003841Z4,4857.73,12,600.15,2209
INV001881,2025-11-28,27AABC005411Z1,27AABC000271Z7,52697.12,12,6216.31,3955
INV001882,2025-11-15,27AABC004761Z6,27AABC003741Z4,2624.5,12,320.99,3957
INV001883,2025-05-02,27AABC002201Z0,27AABC005901Z0,2232.93,12,275.48,1721
INV001884,2025-04-10,27AABC004371Z7,27AABC001061Z6,35900.92,5,1744.49,994
INV001885,2025-04-16,27AABC003761Z6,27AABC000321Z2,11810.23,12,0.0,1906
INV001886,2026-01-30,27AABC000111Z1,27AABC002911Z1,25282.0,18,4478.95,1208
INV001887,2025-06-20,27AABC000641Z4,27AABC000721Z2,5000.0,18,886.37,2571
INV001888,2025-08-10,27AABC001531Z3,27AABC000471Z7,835712.23,18,153841.91,3384
INV001889,2025-05-07,27AABC003411Z1,27AABC005271Z7,2191.6,28,607.84,1961
INV001890,2026-03-19,27AABC004891Z9,27AABC000551Z5,10000.0,28,0.0,3330
INV001891,2025-07-10,27AABC004451Z5,27AABC001361Z6,3310.7,12,0.0,2140
INV001892,2025-06-19,27AABC000621Z2,27AABC005881Z8,21438.94,28,11680.48,2935
INV001893,2025-07-14,27AABC005941Z4,27AABC000201Z0,5964.42,18,1068.67,1663
INV001894,2025-06-24,27AABC004441Z4,27AABC004701Z0,119227.02,28,33241.83,513
INV001895,2026-02-14,27AABC003461Z6,27AABC003051Z5,6975.3,18,1251.98,3196
INV001896,2025-05-28,27AABC003161Z6,27AABC003461Z6,15110.55,12,1840.84,3202
INV001897,2025-10-17,27AABC004831Z3,27AABC003361Z6,456.06,18,0.0,3901
INV001898,2025-04-27,29SHELL000171Z7,29SHELL000181Z8,280686.52,28,78592.23,125
INV001899,2025-08-26,27AABC005511Z1,27AABC005231Z3,5380.51,12,640.98,2943
INV001900,2026-02-18,27AABC003701Z0,27AABC002901Z0,1690.14,28,0.0,1829
INV001901,2025-08-16,27AABC003061Z6,27AABC003031Z3,25996.79,5,1299.33,2962
INV001902,2025-10-07,27AABC001861Z6,27AABC004351Z5,5937.86,18,1040.99,2697
INV001903,2025-07-28,27AABC002271Z7,27AABC004211Z1,12156.6,12,0.0,2705
INV001904,2025-12-07,27AABC002451Z5,27AABC002501Z0,66525.83,12,8222.1,2842
INV001905,2025-08-02,27AABC002681Z8,27AABC000971Z7,5278.94,28,1506.9,2122
INV001906,2025-04-23,27AABC000351Z5,27AABC005851Z5,152739.29,12,18748.78,3826
INV001907,2026-01-23,27AABC004631Z3,27AABC002161Z6,8165.56,12,975.77,3677
INV001908,2025-05-21,27AABC005791Z9,27AABC003751Z5,1763.03,28,487.64,3587
INV001909,2025-09-22,27AABC003481Z8,27AABC000571Z7,14185.46,12,1694.53,992
INV001910,2025-10-27,27AABC000301Z0,27AABC004361Z6,2317.16,18,416.87,2044
INV001911,2025-07-25,27AABC005991Z9,27AABC004341Z4,3736.91,18,676.0,3701
INV001912,2025-11-23,27AABC004191Z9,27AABC005901Z0,7287.06,12,0.0,2005
INV001913,2026-03-26,27AABC003571Z7,27AABC000891Z9,26665.17,5,1346.55,2419
INV001914,2025-11-29,27AABC000371Z7,27AABC000831Z3,13845.86,12,1687.5,3417
INV001915,2025-07-22,27AABC000441Z4,27AABC004151Z5,10611.4,12,0.0,3963
INV001916,2025-04-28,27AABC003641Z4,27AABC003901Z0,7277.53,28,2060.74,3809
INV001917,2026-01-06,27AABC002241Z4,27AABC001951Z5,2651.98,18,485.27,2927
INV001918,2025-09-11,27AABC004761Z6,27AABC004871Z7,24106.53,12,2922.57,3957
INV001919,2025-09-11,27AABC005941Z4,27AABC002851Z5,5361.19,18,989.65,1663
INV001920,2025-04-29,27AABC003871Z7,27AABC001081Z8,15008.08,18,2643.54,2515
INV001921,2026-01-13,27AABC004521Z2,27AABC003951Z5,41849.87,12,0.0,1195
INV001922,2025-04-15,27AABC002751Z5,27AABC000271Z7,4227.99,5,210.58,3453
INV001923,2025-09-21,27AABC002011Z1,27AABC001901Z0,8149.46,28,2323.26,1706
INV001924,2025-05-10,27AABC005131Z3,27AABC003821Z2,3763.2,18,677.54,1872
INV001925,2025-10-10,27AABC005181Z8,27AABC001161Z6,3166.39,28,911.26,1424
INV001926,2025-09-07,27AABC005091Z9,27AABC003381Z8,743.05,18,131.74,1340
INV001927,2025-10-17,27AABC003551Z5,27AABC004961Z6,12500.99,5,640.6,663
INV001928,2025-09-17,27AABC003521Z2,27AABC004441Z4,13222.91,18,2333.66,1168
INV001929,2025-12-30,27AABC002771Z7,27AABC001321Z2,37399.98,28,10750.48,1205
INV001930,2026-01-21,27AABC004691Z9,27AABC001201Z0,120178.36,5,6185.44,1399
INV001931,2025-07-07,27AABC003721Z2,27AABC005321Z2,8919.41,12,1094.85,3595
INV001932,2025-10-05,27AABC000831Z3,27AABC004681Z8,22526.42,18,3993.87,735
INV001933,2025-08-01,27AABC004631Z3,27AABC004891Z9,4840.43,18,873.38,3677
INV001934,2025-11-26,27AABC005331Z3,27AABC001571Z7,13424.45,5,667.34,872
INV001935,2025-11-14,27AABC002811Z1,27AABC004591Z9,4353.12,12,523.21,2171
INV001936,2025-05-06,29SHELL000071Z7,29SHELL000081Z8,630072.9,28,176420.41,139
INV001937,2025-06-11,27AABC004351Z5,27AABC000291Z9,9751.69,12,1184.13,1994
INV001938,2026-02-05,27AABC005231Z3,27AABC003201Z0,236725.72,18,42699.28,2995
INV001939,2025-07-17,27AABC002061Z6,27AABC003161Z6,3383.37,18,591.35,3144
INV001940,2025-08-24,27AABC001181Z8,27AABC003091Z9,97.31,18,17.52,2766
INV001941,2026-02-01,27AABC003131Z3,27AABC004231Z3,4960.2,28,1388.86,2336
INV001942,2025-08-10,27AABC004861Z6,27AABC001441Z4,1769.43,18,315.73,2270
INV001943,2025-07-27,27AABC005091Z9,27AABC000301Z0,4929.72,18,905.9,1340
INV001944,2025-06-09,27AABC002921Z2,27AABC003861Z6,5977.58,5,303.14,3484
INV001945,2025-12-01,27AABC001991Z9,27AABC003931Z3,22601.08,18,4137.13,3109
INV001946,2025-08-19,27AABC005371Z7,27AABC003301Z0,232.46,12,28.43,1862
INV001947,2025-12-29,27AABC003241Z4,27AABC000101Z0,50227.61,18,9245.3,1059
INV001948,2025-04-24,27AABC000841Z4,27AABC005771Z7,4955.48,18,902.7,2908
INV001949,2026-01-12,27AABC001071Z7,27AABC003811Z1,33319.45,18,5857.44,945
INV001950,2026-03-26,27AABC000601Z0,27AABC004081Z8,18983.1,18,3456.89,3441
INV001951,2025-12-23,27AABC002201Z0,27AABC005411Z1,9898.86,18,4868.58,1721
INV001952,2025-04-01,29SHELL000041Z4,29SHELL000001Z0,808000.66,28,226240.18,87
INV001953,2025-10-19,27AABC005841Z4,27AABC002591Z9,44004.74,18,7775.9,2243
INV001954,2025-09-25,27AABC003751Z5,27AABC000801Z0,599.91,18,109.69,931
INV001955,2026-01-19,27AABC002811Z1,27AABC002541Z4,993.82,18,179.66,2171
INV001956,2025-04-23,27AABC000521Z2,27AABC005451Z5,15529.08,18,0.0,2490
INV001957,2025-05-25,29SHELL000151Z5,29SHELL000161Z6,858344.35,12,103001.32,98
INV001958,2025-12-11,27AABC004301Z0,27AABC004261Z6,89214.07,28,25583.55,1300
INV001959,2025-12-25,27AABC002731Z3,27AABC001971Z7,17412.39,18,3174.33,435
INV001960,2025-12-20,27AABC002931Z3,27AABC004191Z9,10000.0,28,2775.41,3758
INV001961,2025-10-02,27AABC002141Z4,27AABC001171Z7,3165.99,18,0.0,3881
INV001962,2025-05-18,27AABC005091Z9,27AABC003241Z4,33850.64,18,6185.36,1340
INV001963,2025-07-13,29SHELL000131Z3,29SHELL000141Z4,424058.18,28,118736.29,82
INV001964,2025-04-14,27AABC005191Z9,27AABC004291Z9,2039.95,12,246.4,2518
INV001965,2025-08-01,27AABC001681Z8,27AABC002241Z4,91872.73,12,10832.18,3819
INV001966,2025-05-22,29SHELL000281Z8,29SHELL000291Z9,119554.77,12,14346.57,167
INV001967,2025-10-03,27AABC004681Z8,27AABC001101Z0,10853.96,12,3391.57,1346
INV001968,2025-08-05,27AABC001201Z0,27AABC000561Z6,8894.09,28,2471.22,857
INV001969,2025-08-03,27AABC004631Z3,27AABC002931Z3,9822.59,12,1149.68,3677
INV001970,2026-03-14,27AABC001271Z7,27AABC004871Z7,9406.13,18,0.0,445
INV001971,2025-10-23,27AABC003771Z7,27AABC003041Z4,19413.74,12,2379.89,910
INV001972,2025-04-20,27AABC002071Z7,27AABC002401Z0,22911.51,28,6387.95,1355
INV001973,2025-04-15,27AABC002991Z9,27AABC000331Z3,4434.58,18,786.86,926
INV001974,2025-10-26,27AABC003571Z7,27AABC003031Z3,8576.12,18,1522.3,2419
INV001975,2026-01-02,27AABC000481Z8,27AABC004211Z1,72479.8,18,13313.99,3758
INV001976,2025-04-07,29SHELL000081Z8,27AABC000031Z3,205494.92,18,39535.54,118
INV001977,2025-12-12,27AABC001691Z9,27AABC002391Z9,1411.14,18,0.0,3371
INV001978,2026-03-09,27AABC001921Z2,27AABC004401Z0,4449.39,18,786.42,1376
INV001979,2025-05-04,27AABC002981Z8,27AABC001571Z7,3629.4,5,186.8,3851
INV001980,2025-05-19,27AABC005611Z1,27AABC001101Z0,1551.99,18,0.0,1432
INV001981,2025-04-28,27AABC004371Z7,27AABC003931Z3,12001.76,18,2122.52,994
INV001982,2025-07-31,27AABC002191Z9,27AABC002941Z4,50101.64,12,6150.3,2185
INV001983,2025-12-07,27AABC000861Z6,27AABC005321Z2,7838.85,18,1404.18,2309
INV001984,2025-10-08,27AABC004921Z2,27AABC002631Z3,1646.15,12,202.61,3529
INV001985,2026-03-31,27AABC000201Z0,27AABC001611Z1,5773.06,18,1009.1,929
INV001986,2026-02-05,27AABC003771Z7,27AABC005221Z2,2000.0,18,362.51,910
INV001987,2025-06-15,27AABC002601Z0,27AABC004141Z4,15823.67,12,1857.76,2474
INV001988,2025-10-01,27AABC005411Z1,27AABC004611Z1,4223.72,12,495.4,3955
INV001989,2026-03-16,27AABC003051Z5,27AABC001631Z3,657.8,18,120.73,1004
INV001990,2026-01-02,27AABC003791Z9,27AABC003251Z5,3346.77,18,585.95,1477
INV001991,2025-04-20,29SHELL000241Z4,29SHELL000201Z0,684315.05,28,191608.21,148
INV001992,2025-10-19,27AABC004151Z5,27AABC002621Z2,2447.56,12,296.79,2853
INV001993,2025-07-27,27AABC002961Z6,27AABC000831Z3,6328.55,18,1128.09,1491
INV001994,2025-12-07,27AABC003031Z3,27AABC004151Z5,8883.26,18,1625.96,3295
INV001995,2025-10-10,27AABC003641Z4,27AABC005251Z5,55183.67,28,15173.48,3809
INV001996,2025-04-01,27AABC004631Z3,27AABC003951Z5,5266.94,18,952.11,3677
INV001997,2025-10-23,27AABC005481Z8,27AABC005311Z1,752.84,28,208.11,1973
INV001998,2026-01-12,27AABC004561Z6,27AABC005701Z0,4493.1,12,553.1,1470
INV001999,2025-09-24,27AABC005441Z4,27AABC002571Z7,2202.96,12,264.59,2871
INV002000,2025-05-29,27AABC001931Z3,27AABC003951Z5,1849.09,18,323.95,2846
INV002001,2026-01-25,27AABC005801Z0,27AABC000171Z7,960.67,12,114.85,515
INV002002,2025-08-09,27AABC001431Z3,27AABC001111Z1,14069.72,18,2574.04,2202
INV002003,2026-03-24,27AABC001821Z2,27AABC002671Z7,70461.64,18,12942.45,3419
INV002004,2025-05-04,27AABC002651Z5,27AABC000921Z2,27827.99,18,4918.23,1941
INV002005,2025-08-31,27AABC002661Z6,27AABC002181Z8,3526.88,18,648.11,2201
INV002006,2025-10-13,27AABC005011Z1,27AABC005711Z1,80939.57,5,0.0,2315
INV002007,2025-04-20,27AABC005351Z5,27AABC001921Z2,26737.55,12,3130.3,1133
INV002008,2025-09-04,27AABC000121Z2,27AABC005211Z1,27248.16,18,4935.67,3447
INV002009,2025-09-10,27AABC000431Z3,27AABC004861Z6,1511.11,18,277.23,3802
INV002010,2026-03-11,27AABC000381Z8,27AABC002561Z6,5336.04,18,960.02,1838
INV002011,2025-11-17,27AABC002071Z7,27AABC002241Z4,3366.96,18,618.86,1355
INV002012,2025-11-13,27AABC005331Z3,27AABC003201Z0,46727.32,5,0.0,872
INV002013,2025-05-17,27AABC004311Z1,27AABC001641Z4,15161.35,12,1799.59,856
INV002014,2025-11-22,27AABC000671Z7,27AABC005661Z6,10113.0,28,2856.83,2023
INV002015,2026-01-30,27AABC005461Z6,27AABC004021Z2,27712.13,5,1402.9,2960
INV002016,2025-12-05,27AABC005801Z0,27AABC003671Z7,19300.27,5,988.92,515
INV002017,2025-10-02,27AABC004341Z4,27AABC005821Z2,1000.0,18,183.9,2745
INV002018,2025-10-03,27AABC000641Z4,27AABC005571Z7,48436.63,18,8751.8,2571
INV002019,2025-05-17,27AABC005461Z6,27AABC005631Z3,1380.79,12,165.18,2960
INV002020,2026-02-10,27AABC000141Z4,27AABC005251Z5,2586.99,12,0.0,1767
INV002021,2025-11-12,27AABC005241Z4,27AABC004601Z0,1532.25,18,280.16,3430
INV002022,2025-08-29,27AABC002611Z1,27AABC000641Z4,9806.82,18,1728.9,3860
INV002023,2026-02-05,27AABC005081Z8,27AABC000461Z6,6261.42,28,1701.92,1821
INV002024,2025-12-26,27AABC000101Z0,27AABC001691Z9,38108.89,12,4529.35,3872
INV002025,2025-06-30,27AABC005291Z9,27AABC000441Z4,17332.86,18,3078.96,3756
INV002026,2025-12-08,27AABC001761Z6,27AABC003341Z4,2476.56,18,452.24,3954
INV002027,2025-12-21,27AABC002191Z9,27AABC001701Z0,1808.01,28,521.09,2185
INV002028,2025-07-09,27AABC004981Z8,27AABC000511Z1,5598.99,12,689.26,673
INV002029,2025-10-23,27AABC002151Z5,27AABC004961Z6,2000.0,12,246.54,3181
INV002030,2025-10-22,29SHELL000391Z9,27AABC000041Z4,929692.99,18,226123.29,35
INV002031,2025-08-12,27AABC004451Z5,27AABC002101Z0,243860.69,18,44913.78,2140
INV002032,2025-10-29,27AABC001601Z0,27AABC003641Z4,9589.56,28,2710.15,3076
INV002033,2025-10-30,27AABC001631Z3,27AABC001591Z9,2410.94,12,287.04,2150
INV002034,2026-01-20,27AABC001941Z4,27AABC003621Z2,61624.1,12,7228.06,2399
INV002035,2025-11-10,27AABC003051Z5,27AABC003081Z8,16237.21,12,1988.53,1004
INV002036,2025-05-31,27AABC002911Z1,27AABC005341Z4,260016.21,18,47865.69,2596
INV002037,2025-08-29,27AABC001951Z5,27AABC002651Z5,2711.74,18,497.14,1420
INV002038,2025-05-09,27AABC002301Z0,27AABC001321Z2,322.05,18,57.39,1425
INV002039,2025-11-30,27AABC000781Z8,27AABC005951Z5,47802.48,28,13384.69,2427
INV002040,2025-09-14,27AABC005501Z0,27AABC002841Z4,10000.0,18,0.0,920
INV002041,2025-06-06,27AABC000341Z4,27AABC002951Z5,1855.32,28,518.27,2372
INV002042,2025-07-15,29SHELL000261Z6,29SHELL000271Z7,862915.16,28,241616.25,70
INV002043,2026-03-19,27AABC002391Z9,27AABC000521Z2,3530.58,18,630.69,3832
INV002044,2025-10-26,27AABC000061Z6,27AABC003881Z8,14951.2,28,4070.41,1395
INV002045,2025-05-01,27AABC001091Z9,27AABC001631Z3,1579.44,18,286.16,414
INV002046,2025-12-31,27AABC002911Z1,27AABC002181Z8,9286.31,5,459.05,2596
INV002047,2025-06-29,27AABC003771Z7,27AABC002811Z1,18178.37,18,3300.08,910
INV002048,2025-05-19,27AABC001141Z4,27AABC001161Z6,991.3,18,180.87,3538
INV002049,2025-10-02,27AABC002721Z2,27AABC004061Z6,10279.29,12,1216.61,1360
INV002050,2025-09-01,27AABC003161Z6,27AABC003441Z4,25000.0,12,2984.3,3202
INV002051,2025-10-17,27AABC003161Z6,27AABC003321Z2,15695.03,28,0.0,3202
INV002052,2025-10-05,27AABC002181Z8,27AABC002731Z3,442.35,18,81.61,3709
INV002053,2026-01-11,27AABC005691Z9,27AABC003591Z9,3362.46,28,0.0,1727
INV002054,2025-04-04,29SHELL000011Z1,27AABC000031Z3,823982.2,18,201256.77,32
INV002055,2025-08-19,27AABC001121Z2,27AABC005741Z4,1124.77,18,206.69,1752
INV002056,2025-04-17,27AABC004361Z6,27AABC003511Z1,16808.37,18,3028.11,1330
INV002057,2025-11-24,27AABC005601Z0,27AABC000121Z2,4372.58,18,804.75,1813
INV002058,2025-11-06,27AABC003281Z8,27AABC000391Z9,11269.08,12,1336.38,3030
INV002059,2025-08-10,27AABC001851Z5,27AABC005311Z1,17722.9,18,3116.09,2769
INV002060,2025-10-22,27AABC005211Z1,27AABC002571Z7,21370.44,18,3790.53,2561
INV002061,2025-10-27,27AABC004841Z4,27AABC002711Z1,5673.22,12,0.0,3819
INV002062,2026-02-21,27AABC004651Z5,27AABC002591Z9,3350.48,18,1538.55,818
INV002063,2025-06-07,27AABC003021Z2,27AABC001011Z1,8473.64,12,993.71,1423
INV002064,2025-08-06,29SHELL000221Z2,29SHELL000231Z3,841373.64,28,235584.62,159
INV002065,2026-01-28,27AABC004971Z7,27AABC003881Z8,27645.4,12,3294.11,603
INV002066,2025-05-15,27AABC004791Z9,27AABC004931Z3,63794.97,12,7847.51,1608
INV002067,2025-08-30,27AABC000351Z5,27AABC000751Z5,26361.13,12,3245.09,3826
INV002068,2026-03-17,27AABC000941Z4,27AABC005731Z3,138634.93,18,24419.91,874
INV002069,2025-05-25,29SHELL000211Z1,29SHELL000221Z2,375297.58,18,67553.56,104
INV002070,2025-08-02,27AABC002211Z1,27AABC003471Z7,1533.96,5,74.94,1530
INV002071,2025-05-05,27AABC004681Z8,27AABC004461Z6,6672.59,12,823.56,1346
INV002072,2025-05-21,27AABC003501Z0,27AABC002721Z2,3468.14,18,638.71,1533
INV002073,2025-05-10,27AABC004331Z3,27AABC001171Z7,14237.7,18,2520.87,2693
INV002074,2026-03-28,27AABC000471Z7,27AABC005681Z8,35333.09,5,0.0,3794
INV002075,2025-10-12,27AABC001241Z4,27AABC002731Z3,1218.58,12,145.56,993
INV002076,2026-01-03,27AABC001511Z1,27AABC001111Z1,71869.94,18,13187.62,2772
INV002077,2026-01-19,27AABC000411Z1,27AABC000911Z1,6171.02,5,300.04,2147
INV002078,2025-09-02,27AABC002521Z2,27AABC001561Z6,74505.76,28,20734.38,1073
INV002079,2025-10-24,29SHELL000031Z3,29SHELL000041Z4,825639.22,18,148615.06,57
INV002080,2026-02-06,27AABC000671Z7,27AABC001701Z0,5901.07,12,0.0,2023
INV002081,2026-01-16,27AABC004831Z3,27AABC003651Z5,10473.06,18,1903.2,3901
INV002082,2025-11-24,27AABC000531Z3,27AABC005701Z0,3125.88,12,370.68,826
INV002083,2025-07-11,27AABC005461Z6,27AABC003931Z3,1347.27,18,238.48,2960
INV002084,2025-05-29,27AABC001651Z5,27AABC005701Z0,563219.49,18,103183.48,3574
INV002085,2025-06-05,27AABC001491Z9,27AABC000401Z0,5891.37,18,1077.57,2826
INV002086,2026-02-19,27AABC005171Z7,27AABC003891Z9,16720.96,18,2996.15,2404
INV002087,2025-11-04,27AABC004411Z1,27AABC001741Z4,110515.19,18,20001.43,924
INV002088,2026-02-12,27AABC005691Z9,27AABC004471Z7,3069.88,5,156.1,1727
INV002089,2025-10-23,27AABC005761Z6,27AABC005811Z1,19269.14,18,3381.59,808
INV002090,2025-11-16,27AABC002891Z9,27AABC000891Z9,6436.64,12,768.87,3855
INV002091,2025-12-07,27AABC002651Z5,27AABC003811Z1,66800.29,12,7942.42,1941
INV002092,2025-06-20,27AABC005211Z1,27AABC003801Z0,4373.24,12,521.44,2561
INV002093,2025-07-25,27AABC002141Z4,27AABC003501Z0,21569.39,5,1093.02,3881
INV002094,2025-08-14,27AABC004001Z0,27AABC004461Z6,49411.09,28,13835.11,3041
INV002095,2025-08-07,29SHELL000241Z4,29SHELL000201Z0,835756.58,28,234011.84,148
INV002096,2026-03-18,27AABC003191Z9,27AABC005571Z7,9773.29,5,478.88,2693
INV002097,2025-04-09,27AABC005061Z6,27AABC003801Z0,1338.33,12,162.07,1819
INV002098,2025-08-22,27AABC003751Z5,27AABC003401Z0,750.93,5,38.6,931
INV002099,2025-05-13,27AABC000791Z9,27AABC005031Z3,4327.6,18,778.08,1904
INV002100,2025-06-10,27AABC001721Z2,27AABC004651Z5,3117.2,18,0.0,3262
INV002101,2025-11-25,27AABC004761Z6,27AABC003941Z4,7184.9,18,0.0,3957
INV002102,2026-03-24,27AABC001861Z6,27AABC003221Z2,76425.17,5,3845.98,2697
INV002103,2025-10-06,27AABC004071Z7,27AABC003521Z2,3968.58,18,735.49,411
INV002104,2026-03-26,27AABC000341Z4,27AABC004111Z1,32960.43,5,1693.06,2372
INV002105,2025-06-08,27AABC005181Z8,27AABC000171Z7,5002.94,18,0.0,1424
INV002106,2025-05-25,27AABC003271Z7,27AABC001011Z1,7431.84,18,1375.91,1813
INV002107,2025-05-20,27AABC004141Z4,27AABC003051Z5,1611.1,5,80.8,2008
INV002108,2025-11-05,27AABC001351Z5,27AABC004671Z7,6751.41,18,1246.82,3563
INV002109,2025-12-17,27AABC004461Z6,27AABC002861Z6,2476.1,18,455.18,1687
INV002110,2025-11-07,27AABC001381Z8,27AABC004751Z5,17424.68,12,0.0,2899
INV002111,2025-06-05,27AABC004371Z7,27AABC003111Z1,92939.38,5,4604.98,994
INV002112,2025-09-10,27AABC005751Z5,27AABC001441Z4,1681.11,12,195.98,1279
INV002113,2025-08-15,27AABC003921Z2,27AABC003471Z7,1476.18,12,172.01,930
INV002114,2026-01-10,27AABC002681Z8,27AABC001531Z3,26318.84,18,4664.9,2122
INV002115,2026-01-15,27AABC002601Z0,27AABC002051Z5,5000.0,5,250.59,2474
INV002116,2026-03-29,27AABC002341Z4,27AABC002081Z8,49501.2,18,9161.43,3086
INV002117,2025-04-16,27AABC003761Z6,27AABC002331Z3,7512.68,18,1358.3,1906
INV002118,2026-01-30,27AABC003211Z1,27AABC005501Z0,4103.4,12,494.53,3391
INV002119,2025-05-06,27AABC001691Z9,27AABC002171Z7,19885.09,28,12308.21,3371
INV002120,2025-10-24,27AABC005351Z5,27AABC003221Z2,2790.58,18,498.34,1133
INV002121,2025-04-02,27AABC005921Z2,27AABC005351Z5,1973.71,12,242.8,1973
INV002122,2025-11-02,27AABC005361Z6,27AABC001821Z2,10186.49,5,523.5,884
INV002123,2025-12-27,27AABC003671Z7,27AABC000081Z8,12367.38,18,0.0,1911
INV002124,2025-10-18,27AABC002981Z8,27AABC003831Z3,18760.71,12,2316.15,3851
INV002125,2025-09-12,27AABC005021Z2,27AABC004491Z9,3090.67,18,569.57,649
INV002126,2025-10-09,27AABC004261Z6,27AABC000351Z5,3513.2,12,432.92,2987
INV002127,2025-08-09,27AABC002221Z2,27AABC001041Z4,595.49,18,109.36,3010
INV002128,2025-12-29,27AABC003961Z6,27AABC000261Z6,29646.85,28,8522.19,3027
INV002129,2026-02-25,27AABC000881Z8,27AABC005631Z3,4611.55,5,235.97,2811
INV002130,2025-04-21,27AABC005151Z5,27AABC003791Z9,3861.93,28,1108.39,1133
INV002131,2025-11-30,27AABC004531Z3,27AABC000041Z4,49635.84,28,44833.97,3458
INV002132,2025-07-08,27AABC002741Z4,27AABC003511Z1,5625.6,18,1028.7,536
INV002133,2025-10-08,27AABC004801Z0,27AABC002051Z5,17242.6,18,7396.43,2116
INV002134,2026-03-19,27AABC002191Z9,27AABC005351Z5,2021.83,18,0.0,2185
INV002135,2026-01-16,27AABC000451Z5,27AABC000331Z3,9846.26,18,1794.06,2535
INV002136,2025-11-16,27AABC001181Z8,27AABC001081Z8,2127.07,5,103.87,2766
INV002137,2025-10-20,27AABC003691Z9,27AABC005361Z6,823.97,18,149.55,424
INV002138,2025-04-13,27AABC003211Z1,27AABC005301Z0,166593.96,5,8378.59,3391
INV002139,2025-06-25,27AABC005641Z4,27AABC005441Z4,120749.07,18,22056.63,2220
INV002140,2026-01-02,27AABC001661Z6,27AABC000641Z4,2974.85,18,0.0,1238
INV002141,2025-11-16,27AABC005791Z9,27AABC000771Z7,50568.51,12,6054.01,3587
INV002142,2025-07-21,27AABC001541Z4,27AABC002641Z4,565.12,18,102.57,3798
INV002143,2025-12-07,27AABC001071Z7,27AABC005131Z3,9684.94,28,2711.78,945
INV002144,2025-04-30,27AABC002581Z8,27AABC003551Z5,27268.11,18,5037.09,3692
INV002145,2026-02-08,27AABC000991Z9,27AABC003581Z8,34680.49,12,4269.06,697
INV002146,2025-12-06,27AABC002241Z4,27AABC003021Z2,47246.95,12,5715.06,2927
INV002147,2025-09-05,27AABC005941Z4,27AABC000201Z0,1670.26,12,202.16,1663
INV002148,2025-05-05,27AABC005311Z1,27AABC004591Z9,17552.79,5,0.0,2733
INV002149,2025-05-11,27AABC002951Z5,27AABC005881Z8,39100.72,18,6986.59,1159
INV002150,2025-10-14,27AABC000201Z0,27AABC005191Z9,13408.75,12,1640.14,929
INV002151,2025-08-20,27AABC003291Z9,27AABC001771Z7,2115.8,18,382.79,1270
INV002152,2026-03-01,27AABC003101Z0,27AABC000891Z9,24759.09,18,4330.49,2544
INV002153,2025-08-01,27AABC002251Z5,27AABC003091Z9,3194.46,18,579.74,2033
INV002154,2025-04-14,29SHELL000161Z6,29SHELL000171Z7,881498.42,18,158669.72,36
INV002155,2025-09-13,27AABC000531Z3,27AABC004351Z5,8319.9,5,413.56,826
INV002156,2026-02-22,27AABC000691Z9,27AABC004631Z3,109041.84,5,5440.12,2399
INV002157,2025-08-13,27AABC000071Z7,27AABC002841Z4,68621.18,5,3391.65,3421
INV002158,2026-01-02,27AABC002911Z1,27AABC002301Z0,2365.12,12,280.82,2596
INV002159,2025-05-16,27AABC000551Z5,27AABC005601Z0,2000.0,12,236.7,3140
INV002160,2025-06-02,27AABC005751Z5,27AABC002411Z1,29340.18,5,1425.26,1279
INV002161,2025-11-19,27AABC004721Z2,27AABC005591Z9,20991.44,5,1069.63,1648
INV002162,2025-06-26,27AABC004811Z1,27AABC001511Z1,1763.48,5,90.12,2325
INV002163,2026-02-24,27AABC003921Z2,27AABC005011Z1,1651.44,18,304.47,930
INV002164,2025-12-07,27AABC005891Z9,27AABC005451Z5,17136.81,12,0.0,2161
INV002165,2025-06-05,27AABC003461Z6,27AABC004951Z5,167574.18,5,8573.07,3196
INV002166,2025-11-30,27AABC000991Z9,27AABC000971Z7,1462.86,12,170.66,697
INV002167,2025-06-20,27AABC001961Z6,27AABC004241Z4,5000.0,5,244.98,2669
INV002168,2025-05-25,27AABC000771Z7,27AABC000721Z2,977.17,28,273.61,1494
INV002169,2025-10-02,27AABC003371Z7,27AABC002791Z9,5264.53,18,968.6,1125
INV002170,2025-05-15,27AABC000451Z5,27AABC000621Z2,121425.76,5,6091.76,2535
INV002171,2025-08-03,27AABC003381Z8,27AABC005371Z7,3830.48,28,1096.44,1001
INV002172,2025-11-13,27AABC000041Z4,27AABC005231Z3,734.56,18,133.68,2477
INV002173,2025-09-06,27AABC003481Z8,27AABC004561Z6,129886.09,18,23523.02,992
INV002174,2025-12-03,27AABC004331Z3,27AABC002061Z6,7179.48,18,1298.22,2693
INV002175,2025-12-02,27AABC003021Z2,27AABC002901Z0,30168.87,12,3585.96,1423
INV002176,2025-06-17,27AABC002011Z1,27AABC004211Z1,14921.67,18,2656.69,1706
INV002177,2025-07-02,27AABC002901Z0,27AABC003081Z8,95.41,12,11.66,3893
INV002178,2025-05-29,27AABC001011Z1,27AABC001581Z8,3485.02,5,177.91,1553
INV002179,2025-08-11,27AABC000281Z8,27AABC002511Z1,2464.03,12,303.64,3621
INV002180,2026-01-08,29SHELL000071Z7,29SHELL000081Z8,653906.13,18,117703.1,139
INV002181,2025-05-04,27AABC002981Z8,27AABC003561Z6,10000.0,5,514.83,3851
INV002182,2026-02-28,27AABC003541Z4,27AABC002021Z2,1864.2,12,219.81,1882
INV002183,2025-10-01,27AABC005151Z5,27AABC002991Z9,71495.0,18,12648.47,1133
INV002184,2026-03-10,29SHELL000181Z8,29SHELL000191Z9,269288.13,28,75400.68,123
INV002185,2025-07-13,27AABC005361Z6,27AABC002511Z1,9575.03,18,1702.78,884
INV002186,2025-06-06,27AABC002691Z9,27AABC005401Z0,3415.56,18,618.18,758
INV002187,2025-12-11,27AABC000741Z4,27AABC002531Z3,6293.93,5,308.26,3108
INV002188,2026-02-13,27AABC004031Z3,27AABC004801Z0,6758.77,12,832.15,2177
INV002189,2025-05-09,27AABC002091Z9,27AABC004681Z8,2134.88,12,0.0,3030
INV002190,2025-08-20,27AABC002941Z4,27AABC004781Z8,3245.44,18,595.04,2801
INV002191,2025-04-27,27AABC000621Z2,27AABC005981Z8,5000.0,18,920.94,2935
INV002192,2025-05-22,27AABC005811Z1,27AABC001921Z2,20940.91,18,3709.38,1049
INV002193,2025-11-29,27AABC002951Z5,27AABC003991Z9,47106.01,18,8632.42,1159
INV002194,2025-10-09,27AABC005511Z1,27AABC000831Z3,18332.98,28,5184.03,2943
INV002195,2025-09-13,27AABC005321Z2,27AABC003691Z9,1422.29,28,405.69,3078
INV002196,2026-01-17,27AABC001031Z3,27AABC004381Z8,16502.35,18,0.0,1928
INV002197,2025-12-05,27AABC003881Z8,27AABC000361Z6,7786.1,18,1432.93,3216
INV002198,2025-08-12,27AABC003811Z1,27AABC001901Z0,2454.1,5,125.4,1588
INV002199,2025-07-04,27AABC000901Z0,27AABC000641Z4,14641.0,18,2577.23,3301
INV002200,2025-11-14,27AABC001951Z5,27AABC003421Z2,38448.82,12,4645.9,1420
INV002201,2025-07-30,27AABC000201Z0,27AABC004771Z7,4920.16,18,885.63,929
INV002202,2026-03-09,27AABC003821Z2,27AABC000701Z0,2143.04,18,377.23,3751
INV002203,2026-03-02,27AABC000561Z6,27AABC004561Z6,31674.85,28,9133.09,855
INV002204,2025-11-26,27AABC001591Z9,27AABC002611Z1,1000.0,5,50.15,1846
INV002205,2025-04-03,27AABC000561Z6,27AABC005681Z8,2674.52,18,472.55,855
INV002206,2025-09-21,27AABC000421Z2,27AABC005701Z0,8124.07,18,1463.69,3368
INV002207,2025-04-29,27AABC001361Z6,27AABC003711Z1,16074.69,12,1954.03,3634
INV002208,2025-12-11,27AABC004191Z9,27AABC003331Z3,3197.76,18,580.61,2005
INV002209,2025-08-18,27AABC005661Z6,27AABC003561Z6,9586.55,12,1150.39,2673
INV002210,2026-03-29,27AABC005331Z3,27AABC005551Z5,3050.56,18,560.21,872
INV002211,2026-01-27,27AABC001091Z9,27AABC003621Z2,7559.76,5,370.52,414
INV002212,2026-02-28,27AABC000391Z9,27AABC005511Z1,6386.02,12,763.85,2326
INV002213,2025-04-22,27AABC004641Z4,27AABC003281Z8,7582.11,18,1372.3,1710
INV002214,2025-12-28,27AABC001431Z3,27AABC002521Z2,6014.81,18,1061.39,2202
INV002215,2026-03-22,27AABC005001Z0,27AABC005401Z0,23458.87,18,0.0,2639
INV002216,2025-07-15,27AABC003861Z6,27AABC001421Z2,7497.74,12,910.34,1724
INV002217,2025-11-19,27AABC005431Z3,27AABC004071Z7,4115.24,28,1139.35,1262
INV002218,2025-11-11,27AABC005211Z1,27AABC004921Z2,14430.97,12,1756.99,2561
INV002219,2025-07-24,29SHELL000241Z4,29SHELL000201Z0,738432.27,28,206761.03,148
INV002220,2026-01-07,27AABC001331Z3,27AABC000041Z4,5384.64,18,3306.25,2439
INV002221,2025-04-06,27AABC001231Z3,27AABC003661Z6,7936.85,12,940.2,1559
INV002222,2025-06-08,27AABC000551Z5,27AABC001661Z6,9055.1,5,465.61,3140
INV002223,2025-10-15,27AABC002811Z1,27AABC004551Z5,3598.22,18,664.77,2171
INV002224,2025-04-03,27AABC002001Z0,27AABC005311Z1,2675.79,12,984.95,3818
INV002225,2025-10-07,27AABC004541Z4,27AABC004031Z3,8325.5,18,1510.68,1667
INV002226,2025-06-19,27AABC002681Z8,27AABC005951Z5,3406.52,5,171.11,2122
INV002227,2026-01-01,27AABC002921Z2,27AABC000991Z9,2000.0,28,0.0,3484
INV002228,2025-09-22,27AABC001631Z3,27AABC005381Z8,5464.92,18,964.18,2150
INV002229,2025-04-10,27AABC000011Z1,27AABC000501Z0,1224.4,28,351.42,2748
INV002230,2025-09-24,29SHELL000321Z2,29SHELL000331Z3,484003.41,12,58080.41,139
INV002231,2025-10-31,27AABC003991Z9,27AABC004591Z9,5288.52,28,1498.18,3434
INV002232,2026-01-14,27AABC004101Z0,27AABC005531Z3,10589.84,28,2898.24,1837
INV002233,2025-05-15,27AABC003611Z1,27AABC002881Z8,4330.11,5,216.03,2812
INV002234,2025-12-02,27AABC003051Z5,27AABC000221Z2,81471.84,12,9691.66,1004
INV002235,2026-02-02,27AABC000111Z1,27AABC002881Z8,2947.18,18,0.0,1208
INV002236,2025-11-27,27AABC004481Z8,27AABC000521Z2,2581.33,18,478.09,3618
INV002237,2026-02-15,27AABC005781Z8,27AABC000501Z0,1832.24,5,90.03,3765
INV002238,2025-07-24,27AABC005951Z5,27AABC001271Z7,14134.37,18,2613.7,1853
INV002239,2025-07-31,27AABC004271Z7,27AABC000481Z8,5697.28,18,1047.23,3939
INV002240,2025-11-30,27AABC000191Z9,27AABC001731Z3,16392.63,12,0.0,2023
INV002241,2026-02-26,27AABC005081Z8,27AABC001641Z4,97033.3,18,17465.99,1821
INV002242,2025-04-30,27AABC005851Z5,27AABC005701Z0,1000.0,18,184.07,607
INV002243,2025-05-20,27AABC005961Z6,27AABC005001Z0,3941.01,5,191.66,1413
INV002244,2025-12-09,27AABC000131Z3,27AABC000801Z0,155112.9,12,18061.14,3106
INV002245,2025-04-14,27AABC004771Z7,27AABC001831Z3,17879.95,28,5111.24,573
INV002246,2025-07-29,27AABC001431Z3,27AABC002391Z9,44721.64,28,12649.34,2202
INV002247,2025-07-14,27AABC004531Z3,27AABC004821Z2,5203.82,18,951.34,3458
INV002248,2025-11-22,27AABC001881Z8,27AABC003451Z5,8909.61,28,2429.5,2936
INV002249,2025-08-04,27AABC005511Z1,27AABC001541Z4,730.48,18,130.02,2943
INV002250,2025-09-20,27AABC005131Z3,27AABC001671Z7,594.49,18,105.46,1872
INV002251,2025-08-01,27AABC001641Z4,27AABC000591Z9,32746.53,18,6043.78,3572
INV002252,2025-06-27,27AABC003411Z1,27AABC002261Z6,4258.06,18,0.0,1961
INV002253,2026-03-02,27AABC000681Z8,27AABC001041Z4,10794.48,12,1288.4,902
INV002254,2025-08-22,27AABC005971Z7,27AABC004341Z4,5434.87,18,982.04,3613
INV002255,2025-04-05,27AABC003231Z3,27AABC005001Z0,9388.69,18,2859.5,3905
INV002256,2025-05-29,27AABC002271Z7,27AABC003981Z8,5000.0,12,598.72,2705
INV002257,2025-06-17,27AABC000651Z5,27AABC002341Z4,10000.0,12,1178.94,582
INV002258,2025-07-14,27AABC000721Z2,27AABC000351Z5,5000.0,5,245.94,2201
INV002259,2025-07-30,27AABC001811Z1,27AABC002761Z6,15102.39,12,0.0,3736
INV002260,2026-01-27,27AABC001111Z1,27AABC002581Z8,1011.93,18,0.0,3435
INV002261,2025-05-10,27AABC002661Z6,27AABC003941Z4,8506.0,18,1499.15,2201
INV002262,2025-10-24,27AABC001861Z6,27AABC002681Z8,5212.05,18,0.0,2697
INV002263,2025-08-02,27AABC001551Z5,27AABC002631Z3,3115.77,18,0.0,2873
INV002264,2025-12-07,27AABC001131Z3,27AABC005841Z4,3983.7,12,483.6,2038
INV002265,2025-06-29,27AABC004451Z5,27AABC005441Z4,921.08,12,109.64,2140
INV002266,2026-03-13,27AABC001381Z8,27AABC004271Z7,3526.87,18,631.14,2899
INV002267,2026-01-20,27AABC000011Z1,27AABC001631Z3,13395.24,28,10593.43,2748
INV002268,2025-12-10,27AABC000521Z2,27AABC003081Z8,3562.98,12,0.0,2490
INV002269,2025-04-08,27AABC000371Z7,27AABC002531Z3,4892.34,5,246.64,3417
INV002270,2025-12-24,27AABC001271Z7,27AABC002051Z5,4739.02,12,0.0,445
INV002271,2025-12-31,29SHELL000311Z1,29SHELL000321Z2,697260.42,12,83671.25,115
INV002272,2025-11-07,27AABC000041Z4,27AABC001791Z9,4924.87,12,606.66,2477
INV002273,2026-01-15,27AABC003641Z4,27AABC000621Z2,9711.61,18,1748.09,3809
INV002274,2026-01-20,27AABC005531Z3,27AABC004611Z1,14214.79,12,1682.83,971
INV002275,2025-07-23,27AABC005961Z6,27AABC004571Z7,10451.02,18,0.0,1413
INV002276,2026-01-04,27AABC000381Z8,27AABC003841Z4,2166.76,18,391.06,1838
INV002277,2025-10-19,27AABC002431Z3,27AABC002871Z7,10000.0,12,1230.62,2031
INV002278,2025-06-30,27AABC000371Z7,27AABC001071Z7,10000.0,12,1214.33,3417
INV002279,2025-07-06,27AABC005611Z1,27AABC001541Z4,27297.09,18,4941.42,1432
INV002280,2026-03-19,27AABC003391Z9,27AABC000611Z1,4314.82,12,513.64,1029
INV002281,2025-08-26,27AABC004071Z7,27AABC005881Z8,11875.98,18,2194.91,411
INV002282,2025-12-07,27AABC004161Z6,27AABC001701Z0,4503.61,12,548.0,2561
INV002283,2025-06-25,27AABC005061Z6,27AABC001601Z0,6912.4,18,1227.13,1819
INV002284,2025-10-31,27AABC005721Z2,27AABC002481Z8,5998.15,18,1095.7,2706
INV002285,2025-09-17,27AABC002151Z5,27AABC002121Z2,592477.57,28,163038.12,3181
INV002286,2025-08-27,27AABC003331Z3,27AABC004311Z1,7559.89,12,0.0,1589
INV002287,2025-11-18,27AABC003771Z7,27AABC005441Z4,226302.53,5,11457.26,910
INV002288,2025-08-11,27AABC005221Z2,27AABC004601Z0,25000.0,28,7008.41,2536
INV002289,2026-01-16,27AABC001521Z2,27AABC002191Z9,20160.47,5,0.0,2161
INV002290,2026-02-21,27AABC003211Z1,27AABC003641Z4,8666.08,18,1568.85,3391
INV002291,2026-01-22,27AABC002321Z2,27AABC001361Z6,8331.27,18,1472.74,2421
INV002292,2025-10-25,27AABC001311Z1,27AABC000121Z2,24432.76,18,4478.27,2583
INV002293,2026-01-29,27AABC005571Z7,27AABC000061Z6,19762.44,18,3461.78,1463
INV002294,2025-12-04,27AABC000961Z6,27AABC001651Z5,7088.78,12,868.45,1283
INV002295,2025-07-22,27AABC000071Z7,27AABC002641Z4,17383.0,12,0.0,3421
INV002296,2025-09-06,27AABC000711Z1,27AABC000551Z5,17162.77,18,3058.26,829
INV002297,2025-09-01,27AABC002291Z9,27AABC001281Z8,177006.92,12,21405.81,3708
INV002298,2026-02-26,27AABC003161Z6,27AABC003071Z7,19791.45,18,3465.93,3202
INV002299,2026-02-05,27AABC004031Z3,27AABC000591Z9,10000.0,12,0.0,2177
INV002300,2026-02-19,27AABC003621Z2,27AABC005261Z6,4923.01,28,1384.5,1013
INV002301,2026-02-06,27AABC002281Z8,27AABC003411Z1,10106.74,28,2810.53,941
INV002302,2025-12-20,27AABC005701Z0,27AABC004641Z4,5128.56,18,924.1,734
INV002303,2026-03-20,27AABC003111Z1,27AABC002371Z7,31107.01,18,5577.62,2124
INV002304,2026-03-23,27AABC001571Z7,27AABC005041Z4,7354.61,12,0.0,2647
INV002305,2025-06-19,27AABC005861Z6,27AABC001881Z8,8187.72,18,1496.95,3534
INV002306,2026-01-08,27AABC005481Z8,27AABC000741Z4,25000.0,18,4508.84,1973
INV002307,2025-08-22,27AABC005371Z7,27AABC004871Z7,2000.0,12,234.91,1862
INV002308,2025-06-03,27AABC003261Z6,27AABC005581Z8,7087.02,12,858.55,437
INV002309,2025-12-21,27AABC003161Z6,27AABC002731Z3,3963.87,18,730.36,3202
INV002310,2025-05-24,27AABC004141Z4,27AABC001741Z4,4745.54,18,862.51,2008
INV002311,2025-05-13,27AABC005611Z1,27AABC005331Z3,26019.35,12,3105.64,1432
INV002312,2025-10-21,27AABC001031Z3,27AABC004901Z0,12829.4,12,4562.92,1928
INV002313,2025-10-21,27AABC000571Z7,27AABC001981Z8,4263.37,28,1179.69,854
INV002314,2025-10-04,27AABC001921Z2,27AABC003391Z9,54705.82,12,6485.76,1376
INV002315,2025-05-23,27AABC005301Z0,27AABC004271Z7,13788.56,18,2440.52,3402
INV002316,2026-02-27,27AABC005741Z4,27AABC004941Z4,12130.0,18,0.0,2595
INV002317,2025-04-30,27AABC003511Z1,27AABC003371Z7,28108.81,5,1390.63,816
INV002318,2025-08-13,27AABC005441Z4,27AABC003771Z7,40379.87,18,7423.47,2871
INV002319,2025-05-16,27AABC002831Z3,27AABC002191Z9,3688.82,18,0.0,2701
INV002320,2025-09-20,29SHELL000261Z6,27AABC000041Z4,221417.16,12,34583.64,70
INV002321,2025-08-06,27AABC003571Z7,27AABC001431Z3,41383.46,18,7443.55,2419
INV002322,2025-08-21,27AABC005841Z4,27AABC002791Z9,3264.46,18,593.89,2243
INV002323,2026-01-22,27AABC001911Z1,27AABC001741Z4,6005.49,12,717.16,3975
INV002324,2025-04-05,27AABC003381Z8,27AABC005211Z1,5894.54,12,704.25,1001
INV002325,2026-01-30,27AABC001171Z7,27AABC002121Z2,108335.66,5,5525.94,3284
INV002326,2026-01-29,27AABC004991Z9,27AABC003121Z2,3218.29,12,380.93,1558
INV002327,2025-04-18,27AABC001571Z7,27AABC004051Z5,14159.96,18,2506.13,2647
INV002328,2025-04-09,27AABC005801Z0,27AABC001881Z8,5348.02,18,975.95,515
INV002329,2025-09-10,27AABC004221Z2,27AABC002881Z8,2732.2,28,1784.6,940
INV002330,2025-08-17,27AABC000761Z6,27AABC005751Z5,439.14,18,78.89,520
INV002331,2025-06-20,29SHELL000271Z7,29SHELL000281Z8,590500.75,18,106290.14,71
INV002332,2025-08-14,29SHELL000321Z2,29SHELL000331Z3,806518.97,28,225825.31,139
INV002333,2025-09-14,27AABC005521Z2,27AABC001501Z0,7897.62,5,406.43,2822
INV002334,2025-11-24,29SHELL000121Z2,29SHELL000131Z3,476662.51,12,57199.5,113
INV002335,2025-07-09,27AABC002351Z5,27AABC004261Z6,2300.22,5,116.83,3131
INV002336,2025-12-15,27AABC002211Z1,27AABC001391Z9,3307.19,12,399.05,1530
INV002337,2025-07-12,27AABC002941Z4,27AABC002681Z8,2934.44,18,515.06,2801
INV002338,2025-09-29,27AABC001071Z7,27AABC005531Z3,83834.48,18,15258.14,945
INV002339,2025-04-11,27AABC004111Z1,27AABC001141Z4,3571.58,18,632.16,2994
INV002340,2025-04-18,27AABC002531Z3,27AABC005631Z3,4728.02,12,555.11,3689
INV002341,2025-07-10,29SHELL000001Z0,29SHELL000011Z1,813237.89,28,227706.61,54
INV002342,2026-02-16,27AABC005791Z9,27AABC003371Z7,3696.52,12,448.58,3587
INV002343,2025-09-29,27AABC000991Z9,27AABC002181Z8,868.05,18,158.2,697
INV002344,2025-10-17,27AABC004221Z2,27AABC005511Z1,9856.05,12,1189.5,940
INV002345,2026-01-06,27AABC004281Z8,27AABC001971Z7,13223.1,18,2332.32,1363
INV002346,2025-11-05,27AABC002471Z7,27AABC004651Z5,54743.4,12,6591.85,3112
INV002347,2026-03-19,27AABC004811Z1,27AABC000091Z9,67543.2,12,7904.8,2325
INV002348,2025-09-11,27AABC002951Z5,27AABC000231Z3,12050.91,12,1471.92,1159
INV002349,2025-11-17,27AABC000571Z7,27AABC001401Z0,5534.02,18,997.42,854
INV002350,2025-11-08,27AABC001281Z8,27AABC005661Z6,19145.15,18,3395.07,1401
INV002351,2026-03-20,27AABC002921Z2,27AABC003751Z5,10000.0,18,1823.07,3484
INV002352,2026-03-13,27AABC004631Z3,27AABC005921Z2,117455.53,5,5720.45,3677
INV002353,2025-04-14,27AABC001991Z9,27AABC004991Z9,11595.97,28,7375.22,3109
INV002354,2026-02-15,27AABC004841Z4,27AABC003271Z7,8151.96,18,1437.97,3819
INV002355,2025-04-18,27AABC000181Z8,27AABC005581Z8,48996.61,5,2384.91,2701
INV002356,2025-10-16,27AABC002111Z1,27AABC004271Z7,14594.0,5,0.0,1126
INV002357,2025-04-08,27AABC003311Z1,27AABC002711Z1,56889.97,18,0.0,3505
INV002358,2025-07-26,27AABC004141Z4,27AABC001001Z0,34183.72,12,4114.67,2008
INV002359,2025-07-20,27AABC005591Z9,27AABC000471Z7,4880.75,18,862.94,1757
INV002360,2025-08-20,27AABC003241Z4,27AABC003191Z9,32110.44,18,5774.53,1059
INV002361,2025-12-05,27AABC003731Z3,27AABC004871Z7,95.66,12,0.0,817
INV002362,2025-07-01,27AABC000431Z3,27AABC000561Z6,10005.7,5,511.2,3802
INV002363,2025-09-25,27AABC000391Z9,27AABC003921Z2,864.32,18,153.61,2326
INV002364,2025-10-23,27AABC003501Z0,27AABC001291Z9,900.93,18,162.41,1533
INV002365,2026-03-01,27AABC002101Z0,27AABC000101Z0,34728.34,12,4092.47,1723
INV002366,2025-12-04,27AABC005401Z0,27AABC004831Z3,75864.66,5,3892.67,1454
INV002367,2025-07-16,29SHELL000241Z4,29SHELL000201Z0,844026.56,28,236327.44,148
INV002368,2025-09-30,27AABC004811Z1,27AABC001451Z5,990.46,18,178.28,2325
INV002369,2026-01-03,27AABC002381Z8,27AABC004031Z3,42688.29,18,7588.67,748
INV002370,2025-04-29,27AABC000441Z4,27AABC003681Z8,89007.33,18,16351.0,3963
INV002371,2025-06-15,27AABC002691Z9,27AABC003071Z7,34632.53,18,6372.77,758
INV002372,2026-01-31,27AABC004011Z1,27AABC000931Z3,51626.2,18,9147.93,2679
INV002373,2025-07-28,27AABC004021Z2,27AABC004521Z2,65304.11,18,11586.32,1652
INV002374,2025-07-13,27AABC004971Z7,27AABC003651Z5,7801.07,18,1410.76,603
INV002375,2025-11-10,27AABC004941Z4,27AABC005171Z7,122224.5,18,21973.02,3160
INV002376,2025-05-25,27AABC001301Z0,27AABC001221Z2,7338.61,28,1998.27,3804
INV002377,2025-06-23,27AABC003961Z6,27AABC004451Z5,1166.29,28,319.33,3027
INV002378,2026-02-01,27AABC005461Z6,27AABC002971Z7,10000.0,28,2852.41,2960
INV002379,2025-06-06,27AABC001341Z4,27AABC005671Z7,2574.7,5,125.42,3282
INV002380,2025-05-31,27AABC002211Z1,27AABC001461Z6,510.17,18,89.51,1530
INV002381,2026-03-25,27AABC003661Z6,27AABC000971Z7,491104.64,28,137509.3,3984
INV002382,2025-04-29,27AABC002051Z5,27AABC005981Z8,38506.25,28,10553.89,3890
INV002383,2026-03-20,27AABC002321Z2,27AABC003621Z2,10938.43,18,1967.45,2421
INV002384,2025-11-09,27AABC003661Z6,27AABC003631Z3,15251.71,18,2747.9,3984
INV002385,2025-04-18,27AABC000211Z1,27AABC002951Z5,10000.0,5,0.0,3839
INV002386,2026-01-23,27AABC000661Z6,27AABC002591Z9,5641.77,18,0.0,2835
INV002387,2025-12-17,27AABC003281Z8,27AABC005211Z1,5303.87,12,626.04,3030
INV002388,2025-09-14,27AABC002341Z4,27AABC004611Z1,10655.19,5,0.0,3086
INV002389,2025-07-15,27AABC004391Z9,27AABC005011Z1,6598.51,5,325.87,2091
INV002390,2025-07-01,27AABC001931Z3,27AABC003151Z5,10646.32,12,0.0,2846
INV002391,2025-11-08,27AABC001451Z5,27AABC000721Z2,6991.78,18,1270.42,3710
INV002392,2025-05-12,27AABC002891Z9,27AABC000981Z8,7322.99,28,2060.89,3855
INV002393,2025-07-20,27AABC002951Z5,27AABC002891Z9,2389.48,18,431.67,1159
INV002394,2025-10-09,27AABC005191Z9,27AABC002981Z8,21410.92,12,4563.75,2518
INV002395,2025-11-14,27AABC005401Z0,27AABC004851Z5,9329.33,12,1119.18,1454
INV002396,2025-10-03,27AABC003861Z6,27AABC003761Z6,13431.09,12,0.0,1724
INV002397,2025-05-09,27AABC001041Z4,27AABC000051Z5,6502.03,18,1152.27,2705
INV002398,2025-05-13,27AABC000261Z6,27AABC000891Z9,54153.95,5,2672.2,3196
INV002399,2025-11-12,27AABC002961Z6,27AABC002631Z3,268.26,28,74.77,1491
INV002400,2025-09-21,27AABC003911Z1,27AABC005631Z3,53294.02,5,0.0,3922
INV002401,2025-08-05,27AABC000331Z3,27AABC004571Z7,41272.81,12,4947.76,1512
INV002402,2025-07-24,27AABC003181Z8,27AABC002751Z5,83124.59,5,0.0,3253
INV002403,2026-01-06,27AABC000141Z4,27AABC000331Z3,2738.74,18,480.6,1767
INV002404,2025-07-16,27AABC005511Z1,27AABC001931Z3,3994.51,12,472.81,2943
INV002405,2025-05-27,29SHELL000061Z6,27AABC000031Z3,647988.13,18,131284.38,137
INV002406,2025-06-19,27AABC003921Z2,27AABC001071Z7,4348.47,18,791.54,930
INV002407,2025-07-05,27AABC001501Z0,27AABC004481Z8,53946.12,18,9430.38,2052
INV002408,2026-01-05,27AABC002571Z7,27AABC000751Z5,5374.5,18,940.43,2336
INV002409,2025-05-25,29SHELL000151Z5,29SHELL000161Z6,398979.33,12,47877.52,98
INV002410,2025-07-25,29SHELL000231Z3,29SHELL000241Z4,167784.86,28,46979.76,21
INV002411,2025-12-07,27AABC004331Z3,27AABC003181Z8,7846.98,28,2134.47,2693
INV002412,2026-01-29,27AABC000551Z5,27AABC004821Z2,4894.01,18,887.71,3140
INV002413,2026-03-06,27AABC005051Z5,27AABC002711Z1,11644.46,18,2063.7,2298
INV002414,2025-06-20,27AABC004841Z4,27AABC003181Z8,14954.86,18,2690.27,3819
INV002415,2025-10-12,29SHELL000091Z9,29SHELL000051Z5,229651.95,12,27558.23,156
INV002416,2025-07-07,29SHELL000331Z3,27AABC000041Z4,1063060.41,18,220555.71,102
INV002417,2026-03-24,27AABC004561Z6,27AABC005311Z1,6446.77,18,1128.91,1470
INV002418,2026-03-22,27AABC004921Z2,27AABC002681Z8,9922.82,28,2778.39,3529
INV002419,2025-07-02,27AABC003151Z5,27AABC005831Z3,55754.76,28,15501.21,2898
INV002420,2025-10-15,27AABC005631Z3,27AABC000631Z3,12168.88,18,0.0,3207
INV002421,2025-04-24,27AABC005131Z3,27AABC002581Z8,11671.84,18,0.0,1872
INV002422,2025-11-20,27AABC001211Z1,27AABC003231Z3,7634.71,28,6718.54,3502
INV002423,2025-06-11,27AABC000191Z9,27AABC004071Z7,346.14,18,61.03,2023
INV002424,2025-09-03,27AABC004281Z8,27AABC003891Z9,71851.15,18,13086.83,1363
INV002425,2026-02-09,27AABC005841Z4,27AABC002561Z6,25000.0,18,4392.6,2243
INV002426,2025-06-21,27AABC003601Z0,27AABC003531Z3,11294.1,28,6799.51,469
INV002427,2025-11-18,27AABC000521Z2,27AABC005791Z9,476186.6,28,131834.81,2490
INV002428,2026-01-28,27AABC004981Z8,27AABC005321Z2,951.84,12,112.51,673
INV002429,2025-06-11,27AABC004471Z7,27AABC003691Z9,59378.07,12,7200.34,3109
INV002430,2025-07-08,27AABC005461Z6,27AABC005201Z0,7275.46,18,1291.99,2960
INV002431,2026-03-15,27AABC000891Z9,27AABC002301Z0,1000.0,12,122.32,2489
INV002432,2025-12-22,27AABC003931Z3,27AABC005871Z7,9309.49,18,1645.68,2296
INV002433,2025-07-22,27AABC004781Z8,27AABC002531Z3,53117.39,18,0.0,435
INV002434,2025-04-18,27AABC002171Z7,27AABC004541Z4,49524.38,18,8744.43,3802
INV002435,2026-03-03,29SHELL000201Z0,29SHELL000211Z1,405407.02,28,113513.97,21
INV002436,2026-01-08,27AABC003631Z3,27AABC001491Z9,1437.3,5,69.92,1837
INV002437,2025-09-03,27AABC002861Z6,27AABC000991Z9,1652.53,5,0.0,3634
INV002438,2025-12-22,27AABC001241Z4,27AABC005921Z2,46413.69,18,14087.18,993
INV002439,2025-11-17,27AABC001371Z7,27AABC002431Z3,2222.23,18,402.59,3380
INV002440,2025-05-05,29SHELL000371Z7,29SHELL000381Z8,787141.95,18,141685.55,138
INV002441,2025-10-22,27AABC001001Z0,27AABC001471Z7,3223.45,12,391.64,1028
INV002442,2025-05-06,27AABC005211Z1,27AABC004011Z1,4648.41,18,814.15,2561
INV002443,2025-04-21,29SHELL000021Z2,27AABC000031Z3,973747.93,28,284604.41,165
INV002444,2025-05-02,27AABC003341Z4,27AABC004131Z3,1740.22,28,492.99,1422
INV002445,2025-11-02,27AABC004791Z9,27AABC002211Z1,8343.38,18,1458.45,1608
INV002446,2026-01-27,27AABC005141Z4,27AABC001701Z0,5765.08,12,685.16,1225
INV002447,2025-07-01,27AABC003541Z4,27AABC000521Z2,1968.1,5,99.55,1882
INV002448,2026-03-28,27AABC003591Z9,27AABC000631Z3,12302.4,12,1438.5,3258
INV002449,2026-01-19,27AABC001311Z1,27AABC005711Z1,4618.67,12,0.0,2583
INV002450,2025-08-28,29SHELL000381Z8,29SHELL000391Z9,170820.29,28,47829.68,44
INV002451,2026-01-01,27AABC001281Z8,27AABC002951Z5,1300.02,18,0.0,1401
INV002452,2026-01-10,27AABC005341Z4,27AABC002581Z8,1200.14,18,212.97,3357
INV002453,2026-03-13,27AABC005271Z7,27AABC004851Z5,3679.88,28,1028.38,1043
INV002454,2025-11-15,27AABC001571Z7,27AABC000721Z2,2707.15,12,332.99,2647
INV002455,2025-05-06,27AABC004181Z8,27AABC000681Z8,989.8,18,178.16,3128
INV002456,2025-05-22,27AABC003381Z8,27AABC001501Z0,2287.24,12,274.51,1001
INV002457,2025-07-24,27AABC000431Z3,27AABC000971Z7,12297.98,18,2191.44,3802
INV002458,2026-02-12,27AABC003551Z5,27AABC004551Z5,11247.34,18,1973.49,663
INV002459,2025-08-02,27AABC000621Z2,27AABC000801Z0,5254.99,18,947.23,2935
INV002460,2025-12-16,27AABC001251Z5,27AABC003481Z8,2963.95,5,148.08,1097
INV002461,2025-04-16,29SHELL000331Z3,29SHELL000341Z4,87669.88,18,15780.58,102
INV002462,2026-01-20,27AABC000271Z7,27AABC005211Z1,90823.93,12,11134.27,1402
INV002463,2026-01-07,27AABC005551Z5,27AABC001751Z5,8271.52,12,988.23,1908
INV002464,2025-07-23,27AABC005161Z6,27AABC002521Z2,4819.91,5,242.0,2759
INV002465,2025-12-22,27AABC000171Z7,27AABC001191Z9,5089.46,18,933.19,1911
INV002466,2025-07-10,27AABC005281Z8,27AABC000891Z9,2777.17,28,765.27,1986
INV002467,2025-07-11,27AABC001121Z2,27AABC000491Z9,7570.63,12,930.09,1752
INV002468,2025-09-20,27AABC000461Z6,27AABC001761Z6,52027.08,12,0.0,2920
INV002469,2025-04-01,27AABC003891Z9,27AABC005571Z7,36390.9,18,0.0,3436
INV002470,2025-07-22,27AABC004101Z0,27AABC001401Z0,5041.99,18,898.59,1837
INV002471,2025-11-07,27AABC001191Z9,27AABC001421Z2,16118.36,18,2918.89,3147
INV002472,2025-11-22,27AABC001271Z7,27AABC003951Z5,64950.59,12,7793.2,445
INV002473,2025-09-18,27AABC005681Z8,27AABC002181Z8,10957.01,18,2029.67,726
INV002474,2025-05-13,29SHELL000361Z6,27AABC000001Z0,746352.95,18,181371.96,105
INV002475,2025-10-24,27AABC004261Z6,27AABC001951Z5,23720.99,12,6712.44,2987
INV002476,2026-02-12,27AABC001391Z9,27AABC003351Z5,6368.93,18,1135.42,2187
INV002477,2026-03-10,27AABC001501Z0,27AABC004491Z9,38636.63,28,10929.59,2052
INV002478,2025-11-24,27AABC003141Z4,27AABC005401Z0,26252.22,18,4718.2,3979
INV002479,2025-05-18,27AABC000021Z2,27AABC002421Z2,6173.34,18,1133.61,1844
INV002480,2025-07-13,27AABC005981Z8,27AABC000681Z8,7638.66,18,1375.31,2842
INV002481,2025-12-23,27AABC004361Z6,27AABC003961Z6,2121.06,18,392.99,1330
INV002482,2025-11-16,27AABC005131Z3,27AABC002361Z6,21998.02,5,1095.98,1872
INV002483,2026-01-30,27AABC002371Z7,27AABC000581Z8,7111.57,18,1262.39,1949
INV002484,2025-09-17,29SHELL000021Z2,29SHELL000031Z3,141776.03,28,39697.29,165
INV002485,2025-09-07,27AABC001781Z8,27AABC005901Z0,4523.46,5,228.9,2213
INV002486,2025-04-14,27AABC000461Z6,27AABC002191Z9,218546.85,18,40107.91,2920
INV002487,2026-02-10,27AABC004451Z5,27AABC004581Z8,97415.64,5,4769.15,2140
INV002488,2025-09-03,29SHELL000361Z6,29SHELL000371Z7,435092.27,18,78316.61,105
INV002489,2025-11-30,27AABC001821Z2,27AABC000821Z2,24841.07,12,2982.13,3419
INV002490,2026-03-18,27AABC005381Z8,27AABC002841Z4,98.76,18,17.27,3712
INV002491,2025-12-09,27AABC005041Z4,27AABC003851Z5,31502.98,12,0.0,1590
INV002492,2025-08-17,27AABC005221Z2,27AABC004321Z2,6450.11,18,1159.14,2536
INV002493,2025-12-21,27AABC000981Z8,27AABC004431Z3,30038.95,18,5319.42,1800
INV002494,2025-10-07,27AABC004521Z2,27AABC003131Z3,2621.57,18,472.15,1195
INV002495,2026-03-15,27AABC003161Z6,27AABC005121Z2,1321.19,12,161.41,3202
INV002496,2025-09-19,27AABC005941Z4,27AABC000871Z7,1200.32,28,343.29,1663
INV002497,2025-05-29,29SHELL000081Z8,29SHELL000091Z9,82728.88,18,14891.2,118
INV002498,2025-11-13,27AABC001381Z8,27AABC005911Z1,9177.06,28,5489.94,2899
INV002499,2025-09-10,29SHELL000091Z9,29SHELL000051Z5,113582.87,28,31803.2,156
INV002500,2025-08-26,29SHELL000121Z2,29SHELL000131Z3,774317.75,12,92918.13,113
INV002501,2025-06-07,27AABC004271Z7,27AABC002001Z0,4688.13,12,567.36,3939
INV002502,2025-10-01,27AABC000651Z5,27AABC000941Z4,19181.96,12,2264.18,582
INV002503,2026-02-11,27AABC005151Z5,27AABC002831Z3,85183.34,12,10329.31,1133
INV002504,2025-04-08,27AABC003471Z7,27AABC001801Z0,18650.29,18,3351.6,3850
INV002505,2025-09-01,27AABC002011Z1,27AABC004401Z0,12523.88,18,2321.5,1706
INV002506,2025-12-20,27AABC004211Z1,27AABC000611Z1,1029.28,28,296.08,2195
INV002507,2025-09-28,29SHELL000301Z0,29SHELL000311Z1,269891.62,28,75569.65,120
INV002508,2025-11-08,27AABC000781Z8,27AABC000881Z8,10786.56,12,1322.48,2427
INV002509,2025-10-24,27AABC004541Z4,27AABC003051Z5,2471.14,5,127.15,1667
INV002510,2025-09-12,27AABC005901Z0,27AABC001111Z1,55413.85,18,9980.44,2340
INV002511,2025-12-29,27AABC002301Z0,27AABC005791Z9,2679.87,12,327.93,1425
INV002512,2025-08-12,27AABC000601Z0,27AABC002631Z3,1697.03,12,208.47,3441
INV002513,2025-08-05,27AABC004971Z7,27AABC001481Z8,7018.04,18,1268.36,603
INV002514,2025-11-26,27AABC005661Z6,27AABC002201Z0,2271.8,18,416.3,2673
INV002515,2026-01-14,27AABC001521Z2,27AABC000271Z7,31042.17,12,3810.73,2161
INV002516,2026-01-17,27AABC005741Z4,27AABC003131Z3,6678.73,18,1178.9,2595
INV002517,2025-09-19,27AABC003011Z1,27AABC003701Z0,324.19,18,58.95,2635
INV002518,2025-11-10,27AABC000581Z8,27AABC004761Z6,2019.08,28,563.26,779
INV002519,2025-12-16,27AABC003361Z6,27AABC005061Z6,21138.03,12,2579.3,2948
INV002520,2025-08-30,27AABC002191Z9,27AABC005231Z3,4939.13,12,609.29,2185
INV002521,2025-06-08,27AABC004911Z1,27AABC003991Z9,37662.86,18,6944.07,1653
INV002522,2025-09-25,27AABC001931Z3,27AABC004191Z9,6258.26,18,1119.2,2846
INV002523,2025-08-02,27AABC005961Z6,27AABC003191Z9,6642.78,12,781.08,1413
INV002524,2026-03-17,27AABC001121Z2,27AABC001461Z6,20474.38,18,3620.0,1752
INV002525,2025-12-19,27AABC003131Z3,27AABC001631Z3,2152.87,12,256.02,2336
INV002526,2025-05-25,27AABC003751Z5,27AABC000221Z2,4337.95,18,763.49,931
INV002527,2025-07-17,27AABC004321Z2,27AABC003581Z8,33097.99,5,1666.98,671
INV002528,2025-05-19,27AABC002631Z3,27AABC003001Z0,4761.83,18,856.56,2746
INV002529,2025-09-29,27AABC005391Z9,27AABC004061Z6,3824.42,12,458.56,2576
INV002530,2025-06-16,27AABC003541Z4,27AABC001181Z8,5999.26,12,699.9,1882
INV002531,2025-11-14,27AABC005831Z3,27AABC005651Z5,13358.25,5,659.53,532
INV002532,2026-03-17,27AABC003351Z5,27AABC005241Z4,2744.81,18,495.8,3302
INV002533,2025-10-02,27AABC004311Z1,27AABC003341Z4,36428.16,18,6576.37,856
INV002534,2025-10-10,27AABC000631Z3,27AABC003981Z8,2007.09,12,242.76,2383
INV002535,2025-04-28,27AABC001561Z6,27AABC003221Z2,5000.0,18,900.08,1886
INV002536,2026-02-02,27AABC005901Z0,27AABC005721Z2,1253.79,18,230.55,2340
INV002537,2025-12-21,27AABC005861Z6,27AABC003471Z7,27814.44,12,0.0,3534
INV002538,2025-11-04,27AABC000291Z9,27AABC003011Z1,952.84,12,112.49,1919
INV002539,2026-03-26,27AABC000931Z3,27AABC004301Z0,8911.03,12,1058.8,2340
INV002540,2025-08-08,27AABC001091Z9,27AABC005091Z9,15571.99,18,2753.27,414
INV002541,2025-04-30,27AABC001091Z9,27AABC004761Z6,5483.68,18,958.71,414
INV002542,2025-08-25,27AABC000131Z3,27AABC000901Z0,15632.83,18,2745.07,3106
INV002543,2025-10-20,27AABC003771Z7,27AABC001331Z3,20670.19,18,3813.77,910
INV002544,2026-03-12,27AABC004651Z5,27AABC001761Z6,971.6,18,179.19,818
INV002545,2025-05-26,27AABC005131Z3,27AABC001321Z2,485.78,12,0.0,1872
INV002546,2025-12-12,27AABC002781Z8,27AABC001651Z5,14296.37,18,2642.39,3941
INV002547,2025-11-29,27AABC003261Z6,27AABC000071Z7,1173.3,12,385.3,437
INV002548,2025-10-12,27AABC005991Z9,27AABC001191Z9,23354.48,12,2817.35,3701
INV002549,2025-12-29,27AABC005451Z5,27AABC000921Z2,18521.57,18,0.0,2953
INV002550,2025-12-22,27AABC000591Z9,27AABC002901Z0,4793.49,5,241.1,1630
INV002551,2026-03-11,27AABC005901Z0,27AABC004061Z6,68032.45,12,8155.44,2340
INV002552,2025-06-28,27AABC002811Z1,27AABC001201Z0,832.06,12,0.0,2171
INV002553,2025-04-26,27AABC004581Z8,27AABC002241Z4,5145.67,18,936.9,3730
INV002554,2025-11-08,27AABC005821Z2,27AABC001861Z6,4590.7,18,810.74,2481
INV002555,2025-05-22,27AABC002981Z8,27AABC002891Z9,1533.19,18,280.23,3851
INV002556,2025-10-25,29SHELL000001Z0,29SHELL000011Z1,772030.69,18,138965.52,54
INV002557,2025-04-18,27AABC003361Z6,27AABC001541Z4,2105.63,28,577.69,2948
INV002558,2026-01-04,27AABC000381Z8,27AABC002451Z5,8241.23,28,2344.97,1838
INV002559,2025-10-03,27AABC004571Z7,27AABC004991Z9,4840.86,18,871.35,3191
INV002560,2025-08-28,27AABC000661Z6,27AABC003361Z6,10934.3,18,1999.38,2835
INV002561,2025-09-27,27AABC004171Z7,27AABC004881Z8,13859.23,18,2461.01,2536
INV002562,2025-12-11,27AABC002911Z1,27AABC003931Z3,24946.67,12,3025.28,2596
INV002563,2025-11-26,27AABC001331Z3,27AABC001741Z4,630.73,12,76.5,2439
INV002564,2026-01-18,27AABC000311Z1,27AABC002741Z4,57865.18,18,10240.65,414
INV002565,2025-10-05,27AABC005401Z0,27AABC001041Z4,103435.36,18,18081.09,1454
INV002566,2025-08-02,27AABC004071Z7,27AABC002291Z9,11499.27,18,2016.64,411
INV002567,2025-11-18,27AABC003141Z4,27AABC000891Z9,308.13,28,85.86,3979
INV002568,2025-04-09,27AABC004541Z4,27AABC002461Z6,307.31,12,37.55,1667
INV002569,2026-02-12,27AABC001461Z6,27AABC002201Z0,975.75,18,177.51,673
INV002570,2025-12-26,27AABC003461Z6,27AABC004901Z0,208385.18,5,10709.48,3196
INV002571,2025-05-03,27AABC001261Z6,27AABC000031Z3,3223.77,12,397.34,954
INV002572,2025-10-13,27AABC001141Z4,27AABC005251Z5,2129.78,18,380.66,3538
INV002573,2025-04-12,27AABC001271Z7,27AABC001491Z9,8346.61,18,1457.52,445
INV002574,2025-04-25,27AABC005371Z7,27AABC002701Z0,19381.86,5,973.27,1862
INV002575,2025-07-31,27AABC005361Z6,27AABC001091Z9,33554.53,18,6107.6,884
INV002576,2026-01-28,27AABC002881Z8,27AABC002061Z6,13473.37,18,2419.66,2139
INV002577,2025-04-29,27AABC002051Z5,27AABC002441Z4,598.53,12,70.6,3890
INV002578,2025-08-01,27AABC001311Z1,27AABC003081Z8,2215.73,18,404.03,2583
INV002579,2026-03-03,27AABC005641Z4,27AABC005951Z5,3767.92,5,184.31,2220
INV002580,2026-03-22,27AABC004731Z3,27AABC004391Z9,3895.85,28,1092.91,579
INV002581,2025-09-06,27AABC002851Z5,27AABC000341Z4,4440.81,18,782.47,545
INV002582,2025-11-02,29SHELL000041Z4,29SHELL000001Z0,762692.63,28,213553.94,87
INV002583,2026-02-07,29SHELL000171Z7,29SHELL000181Z8,537094.39,18,96676.99,125
INV002584,2026-03-11,27AABC004201Z0,27AABC001031Z3,17404.07,18,3207.56,652
INV002585,2025-12-03,27AABC002431Z3,27AABC003941Z4,40805.25,18,0.0,2031
INV002586,2025-08-04,27AABC001451Z5,27AABC002031Z3,5130.89,18,942.41,3710
INV002587,2026-01-12,27AABC002801Z0,27AABC004441Z4,403.21,28,114.62,760
INV002588,2025-08-18,27AABC003991Z9,27AABC002171Z7,4468.4,28,1283.81,3434
INV002589,2025-04-07,27AABC004571Z7,27AABC001031Z3,47960.58,18,8402.31,3191
INV002590,2025-10-03,27AABC004631Z3,27AABC001191Z9,17291.8,12,2049.55,3677
INV002591,2025-08-26,27AABC002521Z2,27AABC001301Z0,16468.23,18,3047.72,1073
INV002592,2026-02-06,27AABC002851Z5,27AABC003851Z5,66522.52,18,11671.38,545
INV002593,2025-11-14,27AABC002921Z2,27AABC000141Z4,8387.39,18,1520.07,3484
INV002594,2026-01-23,27AABC003021Z2,27AABC001461Z6,1289.71,12,150.27,1423
INV002595,2025-10-09,27AABC002921Z2,27AABC004381Z8,2533.2,28,0.0,3484
INV002596,2026-02-24,27AABC001371Z7,27AABC001531Z3,3330.85,18,587.55,3380
INV002597,2026-01-27,27AABC003841Z4,27AABC001521Z2,10764.88,18,1986.63,1784
INV002598,2025-10-18,27AABC004601Z0,27AABC005731Z3,8168.66,28,2220.82,1500
INV002599,2026-03-23,29SHELL000241Z4,29SHELL000201Z0,523040.18,28,146451.25,148
INV002600,2025-07-06,27AABC002081Z8,27AABC002491Z9,4070.74,18,729.47,2450
INV002601,2025-11-30,27AABC000611Z1,27AABC002061Z6,34340.47,28,9642.29,1480
INV002602,2025-04-30,27AABC003151Z5,27AABC004531Z3,10230.63,5,505.61,2898
INV002603,2025-08-12,29SHELL000071Z7,29SHELL000081Z8,264803.05,12,31776.37,139
INV002604,2025-10-08,27AABC002661Z6,27AABC003321Z2,34392.59,18,6079.98,2201
INV002605,2025-07-02,27AABC001141Z4,27AABC003671Z7,5603.02,5,286.07,3538
INV002606,2025-09-10,27AABC004891Z9,27AABC003031Z3,1841.4,18,327.62,3330
INV002607,2025-08-09,27AABC002941Z4,27AABC001021Z2,21978.46,18,4038.11,2801
INV002608,2026-03-27,27AABC000121Z2,27AABC000511Z1,14360.02,12,1716.0,3447
INV002609,2025-07-21,27AABC005051Z5,27AABC004431Z3,6007.25,12,706.45,2298
INV002610,2025-09-30,27AABC005251Z5,27AABC001931Z3,1249.46,18,220.44,1906
INV002611,2025-05-05,27AABC000351Z5,27AABC003761Z6,13375.7,18,2337.93,3826
INV002612,2026-01-02,27AABC004411Z1,27AABC001141Z4,25000.0,28,6969.34,924
INV002613,2025-11-06,27AABC003751Z5,27AABC004781Z8,99678.55,12,11961.43,931
INV002614,2025-04-24,27AABC005021Z2,27AABC002951Z5,14846.71,12,4130.85,649
INV002615,2025-10-15,27AABC004421Z2,27AABC001911Z1,1503.28,28,430.62,3537
INV002616,2026-03-03,27AABC000501Z0,27AABC000131Z3,1813.51,28,510.37,567
INV002617,2025-11-09,27AABC000621Z2,27AABC000351Z5,33932.55,28,9234.94,2935
INV002618,2025-08-17,27AABC004051Z5,27AABC001991Z9,14161.89,18,2567.95,3027
INV002619,2026-01-07,27AABC000741Z4,27AABC000601Z0,542.26,18,94.78,3108
INV002620,2025-10-24,27AABC001801Z0,27AABC004281Z8,85635.07,12,10094.07,1443
INV002621,2025-04-25,27AABC005001Z0,27AABC003281Z8,45154.63,28,12855.19,2639
INV002622,2026-01-28,27AABC005831Z3,27AABC001041Z4,17869.65,18,3207.53,532
INV002623,2026-03-31,27AABC003241Z4,27AABC003591Z9,7274.41,28,2063.12,1059
INV002624,2026-02-28,29SHELL000261Z6,27AABC000051Z5,870199.41,28,246358.31,70
INV002625,2026-03-20,27AABC002651Z5,27AABC000501Z0,347.54,18,61.01,1941
INV002626,2025-09-28,27AABC001271Z7,27AABC002321Z2,44159.14,28,12607.36,445
INV002627,2025-10-08,27AABC003701Z0,27AABC003271Z7,5243.87,28,1493.04,1829
INV002628,2025-04-23,27AABC000861Z6,27AABC004601Z0,1228.66,5,61.73,2309
INV002629,2026-02-14,27AABC005851Z5,27AABC002441Z4,14538.02,28,4033.61,607
INV002630,2025-11-22,29SHELL000011Z1,27AABC000031Z3,767617.1,12,102696.77,32
INV002631,2025-07-31,27AABC002951Z5,27AABC005481Z8,77108.44,12,9202.38,1159
INV002632,2025-07-23,27AABC003871Z7,27AABC002941Z4,14127.49,5,697.1,2515
INV002633,2025-12-07,27AABC000271Z7,27AABC001821Z2,3898.77,12,478.01,1402
INV002634,2025-05-27,27AABC005551Z5,27AABC003761Z6,10872.63,5,540.2,1908
INV002635,2025-06-06,27AABC000691Z9,27AABC004781Z8,31782.32,5,1576.28,2399
INV002636,2025-08-21,27AABC005191Z9,27AABC005091Z9,47682.86,12,5678.36,2518
INV002637,2025-10-08,27AABC004841Z4,27AABC005271Z7,43861.03,12,5394.34,3819
INV002638,2025-09-20,27AABC000081Z8,27AABC005761Z6,19781.3,18,0.0,2072
INV002639,2025-04-15,27AABC000431Z3,27AABC000331Z3,3150.22,18,555.21,3802
INV002640,2025-05-19,27AABC000341Z4,27AABC005451Z5,6124.8,28,1747.84,2372
INV002641,2025-12-17,27AABC005871Z7,27AABC004911Z1,21471.51,18,3965.18,554
INV002642,2025-06-23,27AABC001901Z0,27AABC004231Z3,36800.21,18,6647.88,3627
INV002643,2025-05-11,27AABC000391Z9,27AABC003051Z5,6826.74,5,339.05,2326
INV002644,2025-11-28,27AABC004941Z4,27AABC001621Z2,2508.71,12,306.77,3160
INV002645,2026-03-31,27AABC004871Z7,27AABC002911Z1,4975.45,18,916.77,2152
INV002646,2026-01-11,27AABC003331Z3,27AABC005131Z3,1905.19,18,336.3,1589
INV002647,2026-03-22,27AABC002261Z6,27AABC001281Z8,3332.54,12,407.77,1229
INV002648,2025-07-07,29SHELL000001Z0,27AABC000011Z1,523521.15,12,72089.34,54
INV002649,2025-04-17,27AABC004291Z9,27AABC003331Z3,1407.27,18,255.16,1966
INV002650,2025-05-19,27AABC001951Z5,27AABC003671Z7,538.1,28,153.58,1420
INV002651,2026-01-31,27AABC003061Z6,27AABC004501Z0,1295.17,18,235.56,2962
INV002652,2026-03-16,27AABC001111Z1,27AABC002241Z4,1174.91,18,210.47,3435
INV002653,2025-12-09,27AABC003061Z6,27AABC002141Z4,728.39,18,0.0,2962
INV002654,2025-06-08,27AABC002111Z1,27AABC001571Z7,14668.2,12,1810.21,1126
INV002655,2025-05-25,27AABC000311Z1,27AABC003161Z6,12197.92,12,1435.26,414
INV002656,2025-09-01,27AABC000631Z3,27AABC001501Z0,30042.57,28,0.0,2383
INV002657,2025-12-02,27AABC002911Z1,27AABC004181Z8,6598.29,18,1209.73,2596
INV002658,2025-11-04,27AABC000581Z8,27AABC002661Z6,1964.86,18,363.95,779
INV002659,2025-08-01,29SHELL000321Z2,27AABC000031Z3,941657.91,18,171662.81,139
INV002660,2026-02-08,27AABC000291Z9,27AABC003471Z7,498.04,12,59.76,1919
INV002661,2025-07-02,27AABC003171Z7,27AABC004801Z0,1867.89,12,228.44,3449
INV002662,2025-04-18,27AABC004491Z9,27AABC003121Z2,1515.35,18,280.52,828
INV002663,2026-02-16,27AABC004321Z2,27AABC000441Z4,10000.0,18,1768.48,671
INV002664,2025-06-12,27AABC004321Z2,27AABC003891Z9,31977.05,18,5679.56,671
INV002665,2025-11-16,27AABC005031Z3,27AABC000951Z5,5751.43,18,1053.99,1639
INV002666,2025-04-02,27AABC000261Z6,27AABC000651Z5,907.88,18,167.26,3196
INV002667,2026-03-28,27AABC000531Z3,27AABC005921Z2,88634.97,5,0.0,826
INV002668,2026-01-02,27AABC001841Z4,27AABC002341Z4,919.34,28,253.44,1688
INV002669,2026-03-28,27AABC005831Z3,27AABC005721Z2,47106.78,18,8635.62,532
INV002670,2025-11-27,27AABC000151Z5,27AABC003281Z8,13507.1,18,2493.23,1349
INV002671,2025-07-02,27AABC005941Z4,27AABC001921Z2,7468.96,18,1357.5,1663
INV002672,2025-09-09,29SHELL000091Z9,29SHELL000051Z5,635271.71,12,76232.61,156
INV002673,2025-10-10,27AABC001011Z1,27AABC000141Z4,3458.47,18,632.84,1553
INV002674,2025-11-11,27AABC004081Z8,27AABC004991Z9,6693.6,12,0.0,3608
INV002675,2025-11-02,27AABC002671Z7,27AABC000861Z6,20200.65,18,3702.27,920
INV002676,2025-09-18,27AABC004301Z0,27AABC004641Z4,12161.76,12,1494.8,1300
INV002677,2025-11-08,27AABC000041Z4,27AABC004831Z3,518.84,28,143.84,2477
INV002678,2025-07-13,27AABC003271Z7,27AABC005271Z7,4964.94,18,901.73,1813
INV002679,2025-09-18,27AABC005341Z4,27AABC000611Z1,14430.03,18,2565.03,3357
INV002680,2025-08-20,27AABC000291Z9,27AABC000701Z0,2000.0,18,0.0,1919
INV002681,2026-02-16,27AABC004301Z0,27AABC003291Z9,774.41,28,218.16,1300
INV002682,2025-12-24,27AABC003991Z9,27AABC003001Z0,3067.33,12,362.17,3434
INV002683,2025-11-30,27AABC002581Z8,27AABC004341Z4,5891.3,18,1036.65,3692
INV002684,2025-12-31,27AABC004501Z0,27AABC004111Z1,14680.84,12,5588.1,431
INV002685,2025-07-02,27AABC000591Z9,27AABC001501Z0,7167.29,12,862.23,1630
INV002686,2025-04-23,27AABC000791Z9,27AABC003221Z2,3911.43,18,684.57,1904
INV002687,2025-05-28,27AABC000591Z9,27AABC005991Z9,3159.62,18,569.65,1630
INV002688,2025-08-27,27AABC002551Z5,27AABC003401Z0,300.08,18,53.8,2228
INV002689,2025-10-19,27AABC000091Z9,27AABC003281Z8,10120.98,18,1768.1,2513
INV002690,2025-08-01,27AABC002931Z3,27AABC004271Z7,31302.1,5,1556.36,3758
INV002691,2025-09-16,29SHELL000061Z6,27AABC000011Z1,477770.02,28,136415.18,137
INV002692,2026-02-12,27AABC000551Z5,27AABC005571Z7,2750.47,18,0.0,3140
INV002693,2025-12-25,27AABC005851Z5,27AABC000331Z3,996.14,18,179.31,607
INV002694,2025-12-29,27AABC002341Z4,27AABC003701Z0,12339.44,5,620.23,3086
INV002695,2025-07-25,27AABC002821Z2,27AABC004761Z6,894.63,18,160.35,473
INV002696,2025-10-06,27AABC005271Z7,27AABC001081Z8,33797.41,18,6183.35,1043
INV002697,2025-10-01,27AABC000491Z9,27AABC005871Z7,10000.0,5,498.73,3992
INV002698,2025-04-24,27AABC005491Z9,27AABC002561Z6,2487.45,18,436.91,1786
INV002699,2026-01-31,27AABC005651Z5,27AABC000691Z9,12091.24,18,2190.33,2429
INV002700,2026-03-24,27AABC005621Z2,27AABC005151Z5,2814.21,18,505.66,3196
INV002701,2025-04-20,27AABC003541Z4,27AABC001761Z6,25620.6,12,3122.37,1882
INV002702,2025-04-20,27AABC000821Z2,27AABC000121Z2,98.3,28,28.28,1580
INV002703,2025-07-19,27AABC002821Z2,27AABC000771Z7,460.49,18,84.08,473
INV002704,2025-11-08,27AABC001801Z0,27AABC005571Z7,40044.95,5,0.0,1443
INV002705,2025-09-28,27AABC003711Z1,27AABC003521Z2,12878.55,12,1576.71,1867
INV002706,2025-07-27,27AABC005911Z1,27AABC001341Z4,91010.21,5,4519.13,3164
INV002707,2025-06-27,27AABC000881Z8,27AABC000621Z2,185871.23,5,9018.69,2811
INV002708,2026-03-04,27AABC005971Z7,27AABC004371Z7,53603.1,18,9870.9,3613
INV002709,2025-06-10,27AABC001851Z5,27AABC004831Z3,5607.36,12,688.22,2769
INV002710,2026-01-31,27AABC003821Z2,27AABC002631Z3,198717.69,18,35989.89,3751
INV002711,2025-06-25,27AABC001081Z8,27AABC000761Z6,17961.14,12,0.0,2705
INV002712,2025-08-22,27AABC005901Z0,27AABC003981Z8,1263.72,5,63.48,2340
INV002713,2026-02-03,27AABC004831Z3,27AABC003521Z2,6407.73,18,0.0,3901
INV002714,2026-02-01,27AABC002601Z0,27AABC005551Z5,20897.59,5,1062.87,2474
INV002715,2025-07-04,27AABC000821Z2,27AABC004501Z0,2564.77,18,473.48,1580
INV002716,2026-01-14,27AABC002051Z5,27AABC005981Z8,477.5,28,136.09,3890
INV002717,2025-12-17,27AABC002621Z2,27AABC004161Z6,29454.1,12,3474.54,629
INV002718,2025-10-24,27AABC004071Z7,27AABC005781Z8,961.62,12,111.97,411
INV002719,2025-10-13,27AABC001331Z3,27AABC000401Z0,600.89,12,73.53,2439
INV002720,2025-10-19,27AABC004101Z0,27AABC001261Z6,45336.39,5,2260.53,1837
INV002721,2025-09-30,27AABC004521Z2,27AABC005091Z9,9156.6,18,1695.33,1195
INV002722,2025-04-04,27AABC003201Z0,27AABC000241Z4,26558.16,12,3226.43,3517
INV002723,2025-10-31,27AABC003691Z9,27AABC002371Z7,2281.5,18,421.19,424
INV002724,2026-01-30,27AABC001421Z2,27AABC002001Z0,1912.55,12,0.0,3779
INV002725,2025-05-13,27AABC003581Z8,27AABC005821Z2,1424.44,18,257.99,2902
INV002726,2025-07-22,27AABC003601Z0,27AABC003771Z7,5564.6,18,2605.09,469
INV002727,2025-06-29,27AABC003571Z7,27AABC001631Z3,1000.0,18,184.81,2419
INV002728,2025-12-28,27AABC002141Z4,27AABC001641Z4,21344.48,12,6578.97,3881
INV002729,2025-07-26,27AABC004631Z3,27AABC002771Z7,1032.81,12,126.23,3677
INV002730,2025-07-25,29SHELL000171Z7,29SHELL000181Z8,740847.59,18,133352.57,125
INV002731,2025-09-23,27AABC003951Z5,27AABC004161Z6,5249.8,5,258.86,768
INV002732,2025-09-04,29SHELL000161Z6,29SHELL000171Z7,609061.06,12,73087.33,36
INV002733,2025-09-27,27AABC004611Z1,27AABC005941Z4,29286.31,18,5219.68,1252
INV002734,2025-11-26,27AABC000741Z4,27AABC004161Z6,44754.23,12,5386.12,3108
INV002735,2026-02-09,27AABC002861Z6,27AABC003231Z3,2862.68,18,511.42,3634
INV002736,2025-04-02,27AABC000381Z8,27AABC003581Z8,423.09,18,74.93,1838
INV002737,2025-12-03,27AABC002331Z3,27AABC001551Z5,38844.78,12,4658.54,3566
INV002738,2025-05-18,27AABC002561Z6,27AABC004261Z6,49447.33,12,5933.68,716
INV002739,2025-09-24,27AABC000041Z4,27AABC002111Z1,10332.49,12,0.0,2477
INV002740,2025-07-14,27AABC000521Z2,27AABC002561Z6,9930.81,12,1175.08,2490
INV002741,2025-04-28,27AABC000151Z5,27AABC005331Z3,1811.8,18,325.95,1349
INV002742,2025-06-27,27AABC003341Z4,27AABC005731Z3,6312.53,18,1133.45,1422
INV002743,2025-06-25,27AABC002801Z0,27AABC005281Z8,5000.0,28,1406.75,760
INV002744,2025-12-10,27AABC001411Z1,27AABC003461Z6,5107.39,18,936.9,841
INV002745,2025-05-12,27AABC005801Z0,27AABC003801Z0,7222.72,18,1305.39,515
INV002746,2025-12-23,27AABC005401Z0,27AABC004081Z8,179021.38,12,0.0,1454
INV002747,2025-08-18,27AABC005381Z8,27AABC000091Z9,5325.04,12,1222.9,3712
INV002748,2025-08-13,27AABC003941Z4,27AABC005491Z9,18085.98,18,3319.06,3275
INV002749,2025-04-11,27AABC000201Z0,27AABC004761Z6,5227.88,28,1464.36,929
INV002750,2025-09-04,27AABC003331Z3,27AABC005661Z6,12379.53,5,615.27,1589
INV002751,2025-05-04,29SHELL000351Z5,27AABC000041Z4,906850.58,18,171307.53,111
INV002752,2025-12-03,27AABC003441Z4,27AABC004991Z9,52424.75,28,14939.74,1187
INV002753,2025-05-06,27AABC002461Z6,27AABC005521Z2,946.25,18,175.32,1023
INV002754,2025-09-26,27AABC005331Z3,27AABC005021Z2,3068.62,5,153.0,872
INV002755,2025-09-26,27AABC004391Z9,27AABC002311Z1,10865.76,18,1982.89,2091
INV002756,2025-12-02,27AABC001501Z0,27AABC002451Z5,5860.44,28,0.0,2052
INV002757,2025-05-08,27AABC002121Z2,27AABC004081Z8,5939.38,5,299.6,3039
INV002758,2025-11-27,27AABC000491Z9,27AABC002531Z3,49402.52,18,8653.46,3992
INV002759,2025-04-06,27AABC003731Z3,27AABC002731Z3,10405.74,18,1923.2,817
INV002760,2025-05-24,27AABC002371Z7,27AABC001811Z1,34613.9,18,6409.17,1949
INV002761,2025-11-13,27AABC002361Z6,27AABC004161Z6,12298.4,18,2150.33,2330
INV002762,2026-03-03,27AABC000341Z4,27AABC003691Z9,69409.61,5,3526.35,2372
INV002763,2026-02-02,27AABC000121Z2,27AABC003641Z4,3187.75,18,576.97,3447
INV002764,2025-08-24,27AABC005771Z7,27AABC004931Z3,31636.38,28,20625.35,2939
INV002765,2026-01-20,27AABC004431Z3,27AABC003131Z3,12573.7,12,1468.22,3349
INV002766,2025-06-26,27AABC001501Z0,27AABC001131Z3,10000.0,5,507.14,2052
INV002767,2025-07-21,27AABC003771Z7,27AABC005281Z8,58882.39,28,16513.2,910
INV002768,2025-12-24,27AABC002121Z2,27AABC002841Z4,762.9,12,0.0,3039
INV002769,2026-02-15,27AABC003901Z0,27AABC003301Z0,8556.86,28,2425.12,3451
INV002770,2025-08-02,27AABC004501Z0,27AABC001891Z9,18908.2,18,3473.14,431
INV002771,2026-03-17,27AABC001021Z2,27AABC005621Z2,13618.98,28,3708.19,1144
INV002772,2025-11-13,27AABC001391Z9,27AABC003371Z7,7209.63,18,1304.43,2187
INV002773,2026-01-16,27AABC003521Z2,27AABC000141Z4,7184.69,12,857.28,1168
INV002774,2026-01-14,27AABC004761Z6,27AABC005511Z1,5215.2,28,1447.97,3957
INV002775,2025-06-01,27AABC003341Z4,27AABC004841Z4,4753.65,18,878.18,1422
INV002776,2025-08-01,27AABC003281Z8,27AABC004521Z2,1328.58,18,236.37,3030
INV002777,2025-08-29,27AABC002661Z6,27AABC000431Z3,48161.4,12,5779.37,2201
INV002778,2025-07-23,27AABC004211Z1,27AABC005771Z7,11581.2,12,1371.01,2195
INV002779,2026-01-20,27AABC001751Z5,27AABC005401Z0,2727.62,18,490.14,2915
INV002780,2025-07-05,27AABC000841Z4,27AABC001441Z4,49339.13,5,0.0,2908
INV002781,2025-09-03,27AABC003761Z6,27AABC004041Z4,12152.04,28,3338.75,1906
INV002782,2025-11-27,27AABC005531Z3,27AABC005481Z8,49074.01,28,34871.17,971
INV002783,2025-10-05,27AABC002081Z8,27AABC001111Z1,14764.77,28,0.0,2450
INV002784,2025-05-24,27AABC002211Z1,27AABC003861Z6,11139.24,5,552.53,1530
INV002785,2025-09-16,27AABC005771Z7,27AABC000521Z2,18891.58,12,2249.89,2939
INV002786,2025-04-04,27AABC004851Z5,27AABC004071Z7,14221.03,5,725.81,3468
INV002787,2025-12-09,27AABC003741Z4,27AABC001771Z7,575.78,12,69.68,1145
INV002788,2025-09-08,27AABC004041Z4,27AABC005451Z5,10457.14,18,1884.18,2900
INV002789,2025-07-19,27AABC004791Z9,27AABC004831Z3,8241.6,18,1450.65,1608
INV002790,2025-06-30,27AABC004741Z4,27AABC000101Z0,39337.1,5,1957.15,3618
INV002791,2026-03-07,27AABC002041Z4,27AABC004411Z1,14630.85,28,4071.75,3254
INV002792,2025-05-23,27AABC002311Z1,27AABC000801Z0,9244.19,18,1696.77,3091
INV002793,2025-10-09,27AABC000441Z4,27AABC000511Z1,494071.9,18,88592.68,3963
INV002794,2025-12-18,27AABC000721Z2,27AABC002151Z5,144100.73,18,26195.41,2201
INV002795,2026-03-09,27AABC000161Z6,27AABC000621Z2,75864.75,12,9194.07,1385
INV002796,2025-07-11,27AABC001991Z9,27AABC005901Z0,12134.25,18,2229.24,3109
INV002797,2025-07-02,27AABC002491Z9,27AABC004351Z5,11243.5,18,1980.18,2456
INV002798,2025-05-17,27AABC002761Z6,27AABC005091Z9,1388.28,18,254.05,1735
INV002799,2025-10-12,27AABC004071Z7,27AABC004881Z8,20096.34,12,2391.45,411
INV002800,2025-12-24,27AABC003051Z5,27AABC004081Z8,13837.65,28,3844.3,1004
INV002801,2025-10-14,27AABC002031Z3,27AABC000681Z8,2192.69,18,405.03,3759
INV002802,2025-08-24,27AABC001971Z7,27AABC002021Z2,6977.34,28,0.0,3017
INV002803,2025-07-01,27AABC005511Z1,27AABC005391Z9,463.96,18,83.94,2943
INV002804,2025-12-23,27AABC000591Z9,27AABC004551Z5,23666.12,18,0.0,1630
INV002805,2025-06-09,27AABC005081Z8,27AABC004741Z4,14840.7,5,745.02,1821
INV002806,2025-12-23,27AABC003121Z2,27AABC003821Z2,6810.16,28,1855.12,1691
INV002807,2025-10-30,27AABC004861Z6,27AABC001421Z2,170130.21,12,20688.57,2270
INV002808,2026-01-09,27AABC003111Z1,27AABC001781Z8,1856.88,18,334.01,2124
INV002809,2025-10-25,27AABC000261Z6,27AABC004871Z7,2543.01,18,458.89,3196
INV002810,2025-05-13,27AABC000541Z4,27AABC001301Z0,1881.94,18,329.02,3509
INV002811,2025-06-09,27AABC005231Z3,27AABC002331Z3,4802.01,18,884.08,2995
INV002812,2026-03-20,27AABC002101Z0,27AABC001321Z2,6402.95,18,1132.77,1723
INV002813,2025-06-25,27AABC004141Z4,27AABC000951Z5,8050.21,28,2222.47,2008
INV002814,2025-07-31,27AABC001971Z7,27AABC003661Z6,18262.2,28,5251.05,3017
INV002815,2025-09-13,29SHELL000331Z3,29SHELL000341Z4,797390.11,18,143530.22,102
INV002816,2025-12-25,27AABC005931Z3,27AABC004631Z3,158.01,18,27.59,1629
INV002817,2025-08-26,27AABC002711Z1,27AABC001701Z0,1395.22,5,70.59,1495
INV002818,2025-08-07,27AABC005111Z1,27AABC000451Z5,25000.0,28,6923.08,3468
INV002819,2025-11-25,27AABC004401Z0,27AABC001591Z9,8075.09,5,408.01,2924
INV002820,2025-10-14,27AABC003121Z2,27AABC003581Z8,32310.46,18,0.0,1691
INV002821,2025-07-22,27AABC004241Z4,27AABC004061Z6,10238.26,18,1886.73,971
INV002822,2026-03-26,27AABC001171Z7,27AABC005911Z1,10000.0,18,1793.3,3284
INV002823,2025-09-28,27AABC003231Z3,27AABC000461Z6,46952.7,28,13039.82,3905
INV002824,2025-10-22,27AABC005551Z5,27AABC003621Z2,8093.11,5,409.6,1908
INV002825,2026-03-03,27AABC000331Z3,27AABC005211Z1,1800.47,12,214.13,1512
INV002826,2026-02-01,27AABC003581Z8,27AABC004251Z5,44117.96,12,5398.65,2902
INV002827,2025-11-21,27AABC005191Z9,27AABC002311Z1,53374.75,5,2701.81,2518
INV002828,2026-03-01,27AABC002221Z2,27AABC004371Z7,510.98,18,91.68,3010
INV002829,2025-04-23,29SHELL000111Z1,27AABC000051Z5,765588.67,28,234749.39,140
INV002830,2025-09-14,27AABC005751Z5,27AABC003241Z4,1000.0,5,50.29,1279
INV002831,2026-02-24,27AABC004311Z1,27AABC004061Z6,13540.59,12,1667.54,856
INV002832,2026-01-14,27AABC000001Z0,27AABC000291Z9,2549.09,18,471.2,2219
INV002833,2026-01-15,27AABC001881Z8,27AABC005971Z7,11835.69,12,1390.17,2936
INV002834,2025-11-03,27AABC001521Z2,27AABC000351Z5,110151.09,18,19703.2,2161
INV002835,2025-09-08,27AABC002321Z2,27AABC002141Z4,16819.32,18,2977.46,2421
INV002836,2025-04-01,27AABC002631Z3,27AABC004181Z8,3525.73,12,431.65,2746
INV002837,2025-05-25,27AABC000461Z6,27AABC005921Z2,38610.79,18,0.0,2920
INV002838,2025-12-11,27AABC002501Z0,27AABC004691Z9,12057.67,5,590.43,1903
INV002839,2025-12-15,27AABC000301Z0,27AABC002371Z7,9870.76,18,1766.68,2044
INV002840,2025-04-12,27AABC003341Z4,27AABC000001Z0,21996.28,18,3867.32,1422
INV002841,2025-06-10,27AABC002331Z3,27AABC004061Z6,4466.81,5,223.84,3566
INV002842,2025-07-18,27AABC003511Z1,27AABC002251Z5,48724.52,12,5719.52,816
INV002843,2026-03-09,27AABC002481Z8,27AABC002971Z7,9852.02,28,2681.87,2845
INV002844,2026-01-12,27AABC005801Z0,27AABC005601Z0,6378.2,5,327.65,515
INV002845,2025-04-02,27AABC001731Z3,27AABC001861Z6,1885.65,5,93.83,2331
INV002846,2026-03-02,27AABC005331Z3,27AABC002131Z3,5000.0,18,906.85,872
INV002847,2025-10-22,27AABC004721Z2,27AABC000851Z5,1692.91,18,309.18,1648
INV002848,2025-06-28,29SHELL000391Z9,29SHELL000351Z5,141337.71,18,25440.79,35
INV002849,2025-10-24,27AABC005421Z2,27AABC000841Z4,18517.5,18,3250.21,3776
INV002850,2026-03-24,27AABC003751Z5,27AABC002661Z6,15533.4,18,2815.37,931
INV002851,2025-07-15,27AABC002211Z1,27AABC001371Z7,5814.98,28,1584.93,1530
INV002852,2025-10-30,27AABC005321Z2,27AABC001781Z8,16934.51,18,2959.06,3078
INV002853,2025-10-28,27AABC001531Z3,27AABC000761Z6,48462.49,18,8788.77,3384
INV002854,2025-10-28,27AABC001501Z0,27AABC004091Z9,8852.8,12,1032.7,2052
INV002855,2025-08-01,27AABC002211Z1,27AABC000221Z2,330128.15,18,60124.21,1530
INV002856,2026-01-19,27AABC005621Z2,27AABC001411Z1,4200.91,18,745.45,3196
INV002857,2025-06-16,27AABC003421Z2,27AABC002741Z4,4831.08,5,240.43,3702
INV002858,2025-12-03,27AABC002311Z1,27AABC004681Z8,39188.31,18,6996.43,3091
INV002859,2026-01-24,27AABC002431Z3,27AABC002961Z6,51892.11,28,14766.08,2031
INV002860,2026-01-30,27AABC005461Z6,27AABC002861Z6,8703.8,18,1594.29,2960
INV002861,2025-11-18,27AABC004091Z9,27AABC003131Z3,4302.88,18,0.0,3475
INV002862,2025-08-16,27AABC004081Z8,27AABC000261Z6,24616.94,28,6941.87,3608
INV002863,2025-08-27,27AABC001341Z4,27AABC000411Z1,14934.4,18,2636.81,3282
INV002864,2026-01-05,27AABC002671Z7,27AABC002601Z0,16770.18,12,2061.05,920
INV002865,2025-06-29,27AABC000931Z3,27AABC000401Z0,3012.58,18,532.52,2340
INV002866,2026-03-09,27AABC002251Z5,27AABC004881Z8,37099.46,18,6738.11,2033
INV002867,2025-04-01,29SHELL000301Z0,29SHELL000311Z1,371640.95,18,66895.37,120
INV002868,2025-09-02,27AABC001031Z3,27AABC004301Z0,98412.13,18,17521.64,1928
INV002869,2025-05-28,27AABC000341Z4,27AABC003001Z0,9845.91,28,2713.52,2372
INV002870,2026-01-30,27AABC000511Z1,27AABC001811Z1,3248.74,18,1924.42,521
INV002871,2025-08-14,27AABC004411Z1,27AABC003611Z1,1574.51,18,287.78,924
INV002872,2025-04-24,27AABC004401Z0,27AABC005791Z9,21667.99,5,1106.67,2924
INV002873,2025-11-18,27AABC005391Z9,27AABC002961Z6,11195.59,18,0.0,2576
INV002874,2025-09-28,27AABC001841Z4,27AABC004301Z0,15975.83,18,0.0,1688
INV002875,2026-02-06,27AABC004131Z3,27AABC002711Z1,111671.77,12,13519.43,2343
INV002876,2025-08-09,27AABC003161Z6,27AABC003031Z3,1257.7,28,352.15,3202
INV002877,2025-06-24,27AABC005571Z7,27AABC000511Z1,51305.83,18,9231.88,1463
INV002878,2025-08-15,27AABC004781Z8,27AABC001261Z6,26157.44,5,1268.99,435
INV002879,2025-04-15,27AABC005301Z0,27AABC003801Z0,146.42,18,26.75,3402
INV002880,2025-10-12,27AABC003201Z0,27AABC001551Z5,97.96,28,27.43,3517
INV002881,2025-10-19,27AABC002231Z3,27AABC005241Z4,36777.47,12,4431.31,1416
INV002882,2025-11-05,27AABC003611Z1,27AABC000431Z3,10623.76,28,2890.27,2812
INV002883,2025-09-21,27AABC004981Z8,27AABC000231Z3,7890.65,28,0.0,673
INV002884,2025-11-03,27AABC004871Z7,27AABC001751Z5,22301.24,18,0.0,2152
INV002885,2025-09-04,27AABC001141Z4,27AABC002201Z0,7593.11,18,1343.43,3538
INV002886,2026-02-24,27AABC002731Z3,27AABC003551Z5,141695.46,28,39118.47,435
INV002887,2025-10-07,27AABC003441Z4,27AABC001751Z5,23182.4,28,0.0,1187
INV002888,2025-10-12,27AABC002611Z1,27AABC002331Z3,5551.76,28,1543.3,3860
INV002889,2026-03-17,27AABC000701Z0,27AABC000431Z3,913.26,12,109.81,2594
INV002890,2025-10-13,27AABC000151Z5,27AABC004251Z5,5782.96,18,1053.59,1349
INV002891,2025-12-07,27AABC005251Z5,27AABC000981Z8,316.44,18,57.57,1906
INV002892,2026-01-27,27AABC002771Z7,27AABC005891Z9,2198.15,28,628.39,1205
INV002893,2025-08-02,27AABC005541Z4,27AABC001681Z8,95211.8,18,17395.9,3678
INV002894,2025-10-03,27AABC002911Z1,27AABC000421Z2,2113.12,12,257.26,2596
INV002895,2026-01-12,27AABC001661Z6,27AABC003501Z0,20517.86,28,5800.78,1238
INV002896,2025-07-11,29SHELL000171Z7,27AABC000021Z2,312845.28,28,118084.44,125
INV002897,2025-11-17,27AABC005641Z4,27AABC000421Z2,2997.16,5,152.77,2220
INV002898,2025-04-14,27AABC002401Z0,27AABC000261Z6,5891.49,12,0.0,2387
INV002899,2025-10-22,27AABC005071Z7,27AABC004831Z3,619.4,18,108.93,2226
INV002900,2025-08-19,27AABC003081Z8,27AABC004151Z5,46178.12,28,13037.47,3250
INV002901,2025-04-05,27AABC003791Z9,27AABC004921Z2,19256.96,12,2344.8,1477
INV002902,2026-01-11,27AABC005751Z5,27AABC002371Z7,64493.81,28,18359.67,1279
INV002903,2026-01-09,27AABC002441Z4,27AABC005921Z2,7040.56,5,352.81,550
INV002904,2025-10-05,27AABC005501Z0,27AABC005661Z6,3939.18,18,697.51,920
INV002905,2025-08-04,27AABC004111Z1,27AABC002651Z5,15657.26,12,1832.44,2994
INV002906,2025-07-22,27AABC002401Z0,27AABC002821Z2,2874.1,18,511.67,2387
INV002907,2025-05-22,27AABC002291Z9,27AABC001031Z3,1116.45,18,199.94,3708
INV002908,2025-05-23,29SHELL000361Z6,27AABC000011Z1,217517.84,12,28325.49,105
INV002909,2025-09-05,27AABC001361Z6,27AABC003761Z6,15775.61,5,794.61,3634
INV002910,2025-10-28,27AABC001901Z0,27AABC005841Z4,15816.05,28,10117.21,3627
INV002911,2025-04-20,27AABC004321Z2,27AABC000911Z1,6591.03,28,3386.76,671
INV002912,2025-07-24,27AABC003271Z7,27AABC005791Z9,10153.22,18,0.0,1813
INV002913,2025-04-29,27AABC003401Z0,27AABC003161Z6,2424.78,18,435.0,720
INV002914,2026-03-01,27AABC000291Z9,27AABC001971Z7,1625.91,18,296.38,1919
INV002915,2025-10-05,27AABC002261Z6,27AABC001331Z3,14322.37,18,2641.26,1229
INV002916,2025-10-12,27AABC001671Z7,27AABC002941Z4,2825.79,28,797.02,2709
INV002917,2025-10-17,27AABC005261Z6,27AABC003821Z2,18712.64,12,2308.5,3549
INV002918,2025-07-18,27AABC002461Z6,27AABC004001Z0,21191.42,18,3870.39,1023
INV002919,2025-05-06,27AABC002501Z0,27AABC003071Z7,1280.52,5,62.4,1903
INV002920,2026-01-27,27AABC000451Z5,27AABC005621Z2,40838.44,5,2002.16,2535
INV002921,2025-04-30,27AABC002821Z2,27AABC004241Z4,3070.51,18,566.47,473
INV002922,2025-12-12,27AABC005821Z2,27AABC004991Z9,4746.87,12,581.87,2481
INV002923,2025-04-30,27AABC004991Z9,27AABC004421Z2,3397.97,12,395.64,1558
INV002924,2025-08-22,27AABC004021Z2,27AABC000421Z2,9692.93,12,1177.44,1652
INV002925,2026-03-23,27AABC002251Z5,27AABC002771Z7,14190.56,18,2557.2,2033
INV002926,2026-03-06,27AABC002131Z3,27AABC000331Z3,2000.0,12,0.0,1186
INV002927,2026-02-27,27AABC001531Z3,27AABC001361Z6,97891.61,12,11799.56,3384
INV002928,2025-12-20,27AABC003431Z3,27AABC004011Z1,8141.14,12,1004.76,1810
INV002929,2025-12-16,29SHELL000301Z0,27AABC000041Z4,813786.56,28,282639.56,120
INV002930,2025-08-02,27AABC003221Z2,27AABC005061Z6,33893.25,12,3964.1,1645
INV002931,2026-01-16,27AABC004711Z1,27AABC005841Z4,4857.72,28,1360.16,1483
INV002932,2025-07-23,27AABC005491Z9,27AABC005801Z0,54064.7,5,2707.89,1786
INV002933,2025-06-03,27AABC002311Z1,27AABC001161Z6,10661.15,18,0.0,3091
INV002934,2025-10-23,27AABC001071Z7,27AABC002681Z8,4361.62,12,522.57,945
INV002935,2025-11-10,27AABC003421Z2,27AABC005791Z9,12242.08,28,6795.99,3702
INV002936,2025-06-01,27AABC004541Z4,27AABC005481Z8,4807.29,12,575.3,1667
INV002937,2026-01-17,27AABC002471Z7,27AABC005881Z8,4447.39,12,521.34,3112
INV002938,2025-12-01,27AABC001131Z3,27AABC002031Z3,54563.79,12,6682.68,2038
INV002939,2025-12-05,27AABC004441Z4,27AABC003741Z4,24793.0,18,4530.16,513
INV002940,2026-03-27,27AABC004081Z8,27AABC004881Z8,6244.25,18,1149.48,3608
INV002941,2026-01-15,27AABC003141Z4,27AABC003951Z5,28992.65,5,0.0,3979
INV002942,2026-03-19,27AABC005151Z5,27AABC001351Z5,484069.6,12,58088.35,1133
INV002943,2026-03-31,27AABC001371Z7,27AABC000571Z7,14404.66,18,0.0,3380
INV002944,2025-11-16,27AABC000111Z1,27AABC005211Z1,5000.0,28,1403.0,1208
INV002945,2025-11-01,29SHELL000291Z9,27AABC000031Z3,1168793.49,12,187336.78,27
INV002946,2025-04-05,27AABC003681Z8,27AABC002981Z8,3848.16,18,704.66,2573
INV002947,2026-01-14,27AABC001531Z3,27AABC000511Z1,2314.78,12,271.84,3384
INV002948,2026-03-08,27AABC000881Z8,27AABC004351Z5,1809.21,18,316.07,2811
INV002949,2025-07-08,27AABC004301Z0,27AABC005581Z8,5715.18,12,689.99,1300
INV002950,2025-05-07,27AABC004491Z9,27AABC002861Z6,534.18,12,64.03,828
INV002951,2026-01-26,27AABC000231Z3,27AABC004041Z4,17762.29,18,3104.46,3610
INV002952,2025-11-14,27AABC004601Z0,27AABC004721Z2,1264.46,18,234.21,1500
INV002953,2026-03-01,27AABC005391Z9,27AABC003831Z3,447.03,12,53.88,2576
INV002954,2025-10-20,27AABC003791Z9,27AABC000841Z4,9511.29,18,1743.34,1477
INV002955,2026-01-04,27AABC004031Z3,27AABC001591Z9,476.95,18,87.45,2177
INV002956,2025-10-18,27AABC003201Z0,27AABC002891Z9,15784.96,12,1911.39,3517
INV002957,2025-10-28,27AABC001441Z4,27AABC004991Z9,137313.11,18,25338.74,3316
INV002958,2026-01-10,27AABC005781Z8,27AABC001291Z9,593.08,18,0.0,3765
INV002959,2026-03-09,27AABC000801Z0,27AABC001291Z9,24676.45,5,1236.38,1361
INV002960,2025-04-15,27AABC005521Z2,27AABC000641Z4,2783.65,18,501.69,2822
INV002961,2025-04-24,27AABC001031Z3,27AABC002041Z4,1123.12,5,0.0,1928
INV002962,2025-07-01,27AABC000311Z1,27AABC000211Z1,2257.25,18,398.33,414
INV002963,2025-07-05,27AABC003321Z2,27AABC005071Z7,48599.86,12,5744.9,3697
INV002964,2026-02-28,29SHELL000251Z5,29SHELL000261Z6,629221.13,28,176181.92,165
INV002965,2025-05-29,27AABC002451Z5,27AABC003391Z9,4606.38,12,562.71,2842
INV002966,2025-10-07,27AABC002821Z2,27AABC001501Z0,1329.56,12,0.0,473
INV002967,2025-08-17,27AABC003551Z5,27AABC003311Z1,1007947.39,18,182306.39,663
INV002968,2025-08-02,27AABC002701Z0,27AABC000241Z4,13581.59,18,2386.35,3500
INV002969,2025-11-29,27AABC005191Z9,27AABC004181Z8,42555.33,18,7607.03,2518
INV002970,2025-05-29,27AABC005751Z5,27AABC000301Z0,40790.02,18,7139.94,1279
INV002971,2025-08-02,27AABC002261Z6,27AABC004541Z4,9603.08,18,1679.02,1229
INV002972,2025-09-07,27AABC001651Z5,27AABC000731Z3,6625.97,28,1812.1,3574
INV002973,2026-01-03,29SHELL000281Z8,29SHELL000291Z9,386528.91,28,108228.09,167
INV002974,2026-02-01,27AABC004131Z3,27AABC002541Z4,229.2,18,42.1,2343
INV002975,2025-09-28,27AABC000311Z1,27AABC004331Z3,82364.76,12,9862.58,414
INV002976,2025-12-19,27AABC005451Z5,27AABC003591Z9,797.6,12,96.64,2953
INV002977,2025-08-07,27AABC001381Z8,27AABC004781Z8,722.08,18,128.14,2899
INV002978,2025-08-01,27AABC003791Z9,27AABC000971Z7,3961.81,28,3054.26,1477
INV002979,2025-06-19,27AABC001231Z3,27AABC005121Z2,13516.57,18,2371.01,1559
INV002980,2026-03-21,27AABC001691Z9,27AABC005571Z7,2586.28,12,0.0,3371
INV002981,2025-06-07,27AABC001131Z3,27AABC002161Z6,3957.7,12,473.31,2038
INV002982,2025-08-02,27AABC005091Z9,27AABC001621Z2,2949.93,28,0.0,1340
INV002983,2025-05-31,27AABC000881Z8,27AABC003091Z9,9508.84,5,463.41,2811
INV002984,2025-12-08,27AABC002231Z3,27AABC005051Z5,321.78,18,59.52,1416
INV002985,2025-11-09,27AABC002891Z9,27AABC005931Z3,6738.45,18,1200.06,3855
INV002986,2026-03-08,27AABC002081Z8,27AABC001931Z3,75158.97,28,20606.74,2450
INV002987,2025-05-21,27AABC002131Z3,27AABC000281Z8,3717.27,18,0.0,1186
INV002988,2025-04-25,27AABC000881Z8,27AABC004891Z9,1339.07,18,240.95,2811
INV002989,2025-05-08,27AABC003881Z8,27AABC001961Z6,3360.94,28,942.16,3216
INV002990,2025-08-04,27AABC004931Z3,27AABC005631Z3,479.88,18,86.38,520
INV002991,2025-11-16,27AABC005921Z2,27AABC002831Z3,2452.04,12,296.34,1973
INV002992,2025-10-30,27AABC004881Z8,27AABC004301Z0,3442.5,28,943.64,3395
INV002993,2026-02-09,27AABC000711Z1,27AABC005271Z7,14366.53,18,2645.56,829
INV002994,2025-05-22,27AABC003321Z2,27AABC005211Z1,22411.28,18,4111.9,3697
INV002995,2025-11-24,27AABC004601Z0,27AABC002941Z4,14960.65,18,2770.85,1500
INV002996,2025-06-07,27AABC001921Z2,27AABC002321Z2,17526.35,18,3108.24,1376
INV002997,2025-08-03,27AABC003611Z1,27AABC004891Z9,180894.05,18,31947.12,2812
INV002998,2026-03-23,27AABC005301Z0,27AABC001241Z4,8915.58,18,1647.47,3402
INV002999,2026-02-23,27AABC005941Z4,27AABC003621Z2,13566.27,5,668.37,1663
INV003000,2025-09-06,27AABC004051Z5,27AABC000941Z4,5968.95,18,0.0,3027
